State,State Code,County,County Code,Year,Year Code,Month,Month Code,Deaths,Population,Crude Rate
Alabama,1,"Jefferson County, AL",1073,2014,2014,"Jan., 2014",2014/01,12,Not Applicable,Not Applicable
Alabama,1,"Jefferson County, AL",1073,2014,2014,"Apr., 2014",2014/04,11,Not Applicable,Not Applicable
Alabama,1,"Jefferson County, AL",1073,2014,2014,"Aug., 2014",2014/08,10,Not Applicable,Not Applicable
Alabama,1,"Jefferson County, AL",1073,2014,2014,"Nov., 2014",2014/11,10,Not Applicable,Not Applicable
Arizona,4,"Maricopa County, AZ",4013,2010,2010,"Jan., 2010",2010/01,15,Not Applicable,Not Applicable
Arizona,4,"Maricopa County, AZ",4013,2010,2010,"Feb., 2010",2010/02,10,Not Applicable,Not Applicable
Arizona,4,"Maricopa County, AZ",4013,2010,2010,"Mar., 2010",2010/03,16,Not Applicable,Not Applicable
Arizona,4,"Maricopa County, AZ",4013,2010,2010,"Apr., 2010",2010/04,25,Not Applicable,Not Applicable
Arizona,4,"Maricopa County, AZ",4013,2010,2010,"May, 2010",2010/05,15,Not Applicable,Not Applicable
Arizona,4,"Maricopa County, AZ",4013,2010,2010,"Jun., 2010",2010/06,17,Not Applicable,Not Applicable
Arizona,4,"Maricopa County, AZ",4013,2010,2010,"Jul., 2010",2010/07,23,Not Applicable,Not Applicable
Arizona,4,"Maricopa County, AZ",4013,2010,2010,"Aug., 2010",2010/08,19,Not Applicable,Not Applicable
Arizona,4,"Maricopa County, AZ",4013,2010,2010,"Oct., 2010",2010/10,26,Not Applicable,Not Applicable
Arizona,4,"Maricopa County, AZ",4013,2010,2010,"Nov., 2010",2010/11,18,Not Applicable,Not Applicable
Arizona,4,"Maricopa County, AZ",4013,2010,2010,"Dec., 2010",2010/12,15,Not Applicable,Not Applicable
Arizona,4,"Maricopa County, AZ",4013,2011,2011,"Jan., 2011",2011/01,12,Not Applicable,Not Applicable
Arizona,4,"Maricopa County, AZ",4013,2011,2011,"Feb., 2011",2011/02,27,Not Applicable,Not Applicable
Arizona,4,"Maricopa County, AZ",4013,2011,2011,"Mar., 2011",2011/03,18,Not Applicable,Not Applicable
Arizona,4,"Maricopa County, AZ",4013,2011,2011,"Apr., 2011",2011/04,14,Not Applicable,Not Applicable
Arizona,4,"Maricopa County, AZ",4013,2011,2011,"May, 2011",2011/05,18,Not Applicable,Not Applicable
Arizona,4,"Maricopa County, AZ",4013,2011,2011,"Jun., 2011",2011/06,15,Not Applicable,Not Applicable
Arizona,4,"Maricopa County, AZ",4013,2011,2011,"Jul., 2011",2011/07,19,Not Applicable,Not Applicable
Arizona,4,"Maricopa County, AZ",4013,2011,2011,"Aug., 2011",2011/08,15,Not Applicable,Not Applicable
Arizona,4,"Maricopa County, AZ",4013,2011,2011,"Sep., 2011",2011/09,13,Not Applicable,Not Applicable
Arizona,4,"Maricopa County, AZ",4013,2011,2011,"Oct., 2011",2011/10,16,Not Applicable,Not Applicable
Arizona,4,"Maricopa County, AZ",4013,2011,2011,"Nov., 2011",2011/11,14,Not Applicable,Not Applicable
Arizona,4,"Maricopa County, AZ",4013,2011,2011,"Dec., 2011",2011/12,16,Not Applicable,Not Applicable
Arizona,4,"Maricopa County, AZ",4013,2012,2012,"May, 2012",2012/05,23,Not Applicable,Not Applicable
Arizona,4,"Maricopa County, AZ",4013,2012,2012,"Jun., 2012",2012/06,21,Not Applicable,Not Applicable
Arizona,4,"Maricopa County, AZ",4013,2012,2012,"Jul., 2012",2012/07,23,Not Applicable,Not Applicable
Arizona,4,"Maricopa County, AZ",4013,2012,2012,"Aug., 2012",2012/08,17,Not Applicable,Not Applicable
Arizona,4,"Maricopa County, AZ",4013,2012,2012,"Sep., 2012",2012/09,19,Not Applicable,Not Applicable
Arizona,4,"Maricopa County, AZ",4013,2012,2012,"Dec., 2012",2012/12,11,Not Applicable,Not Applicable
Arizona,4,"Maricopa County, AZ",4013,2013,2013,"Jan., 2013",2013/01,21,Not Applicable,Not Applicable
Arizona,4,"Maricopa County, AZ",4013,2013,2013,"Feb., 2013",2013/02,12,Not Applicable,Not Applicable
Arizona,4,"Maricopa County, AZ",4013,2013,2013,"Mar., 2013",2013/03,10,Not Applicable,Not Applicable
Arizona,4,"Maricopa County, AZ",4013,2013,2013,"Apr., 2013",2013/04,21,Not Applicable,Not Applicable
Arizona,4,"Maricopa County, AZ",4013,2013,2013,"May, 2013",2013/05,16,Not Applicable,Not Applicable
Arizona,4,"Maricopa County, AZ",4013,2013,2013,"Jun., 2013",2013/06,15,Not Applicable,Not Applicable
Arizona,4,"Maricopa County, AZ",4013,2013,2013,"Jul., 2013",2013/07,14,Not Applicable,Not Applicable
Arizona,4,"Maricopa County, AZ",4013,2013,2013,"Sep., 2013",2013/09,14,Not Applicable,Not Applicable
Arizona,4,"Maricopa County, AZ",4013,2013,2013,"Nov., 2013",2013/11,20,Not Applicable,Not Applicable
Arizona,4,"Maricopa County, AZ",4013,2013,2013,"Dec., 2013",2013/12,11,Not Applicable,Not Applicable
Arizona,4,"Maricopa County, AZ",4013,2014,2014,"Jan., 2014",2014/01,28,Not Applicable,Not Applicable
Arizona,4,"Maricopa County, AZ",4013,2014,2014,"Feb., 2014",2014/02,22,Not Applicable,Not Applicable
Arizona,4,"Maricopa County, AZ",4013,2014,2014,"Mar., 2014",2014/03,19,Not Applicable,Not Applicable
Arizona,4,"Maricopa County, AZ",4013,2014,2014,"Apr., 2014",2014/04,15,Not Applicable,Not Applicable
Arizona,4,"Maricopa County, AZ",4013,2014,2014,"May, 2014",2014/05,18,Not Applicable,Not Applicable
Arizona,4,"Maricopa County, AZ",4013,2014,2014,"Jun., 2014",2014/06,13,Not Applicable,Not Applicable
Arizona,4,"Maricopa County, AZ",4013,2014,2014,"Jul., 2014",2014/07,25,Not Applicable,Not Applicable
Arizona,4,"Maricopa County, AZ",4013,2014,2014,"Aug., 2014",2014/08,17,Not Applicable,Not Applicable
Arizona,4,"Maricopa County, AZ",4013,2014,2014,"Sep., 2014",2014/09,22,Not Applicable,Not Applicable
Arizona,4,"Maricopa County, AZ",4013,2014,2014,"Oct., 2014",2014/10,19,Not Applicable,Not Applicable
Arizona,4,"Maricopa County, AZ",4013,2014,2014,"Nov., 2014",2014/11,17,Not Applicable,Not Applicable
Arizona,4,"Maricopa County, AZ",4013,2014,2014,"Dec., 2014",2014/12,10,Not Applicable,Not Applicable
Arizona,4,"Maricopa County, AZ",4013,2015,2015,"Jan., 2015",2015/01,10,Not Applicable,Not Applicable
Arizona,4,"Maricopa County, AZ",4013,2015,2015,"Feb., 2015",2015/02,17,Not Applicable,Not Applicable
Arizona,4,"Maricopa County, AZ",4013,2015,2015,"Mar., 2015",2015/03,21,Not Applicable,Not Applicable
Arizona,4,"Maricopa County, AZ",4013,2015,2015,"Apr., 2015",2015/04,31,Not Applicable,Not Applicable
Arizona,4,"Maricopa County, AZ",4013,2015,2015,"May, 2015",2015/05,21,Not Applicable,Not Applicable
Arizona,4,"Maricopa County, AZ",4013,2015,2015,"Jun., 2015",2015/06,23,Not Applicable,Not Applicable
Arizona,4,"Maricopa County, AZ",4013,2015,2015,"Jul., 2015",2015/07,25,Not Applicable,Not Applicable
Arizona,4,"Maricopa County, AZ",4013,2015,2015,"Aug., 2015",2015/08,30,Not Applicable,Not Applicable
Arizona,4,"Maricopa County, AZ",4013,2015,2015,"Sep., 2015",2015/09,10,Not Applicable,Not Applicable
Arizona,4,"Maricopa County, AZ",4013,2015,2015,"Oct., 2015",2015/10,16,Not Applicable,Not Applicable
Arizona,4,"Maricopa County, AZ",4013,2015,2015,"Nov., 2015",2015/11,20,Not Applicable,Not Applicable
Arizona,4,"Maricopa County, AZ",4013,2015,2015,"Dec., 2015",2015/12,17,Not Applicable,Not Applicable
Arizona,4,"Pima County, AZ",4019,2010,2010,"Mar., 2010",2010/03,10,Not Applicable,Not Applicable
Arizona,4,"Pima County, AZ",4019,2011,2011,"Dec., 2011",2011/12,10,Not Applicable,Not Applicable
Arizona,4,"Pima County, AZ",4019,2012,2012,"Jan., 2012",2012/01,11,Not Applicable,Not Applicable
Arizona,4,"Pima County, AZ",4019,2012,2012,"Mar., 2012",2012/03,10,Not Applicable,Not Applicable
Arizona,4,"Pima County, AZ",4019,2012,2012,"Sep., 2012",2012/09,11,Not Applicable,Not Applicable
Arizona,4,"Pima County, AZ",4019,2012,2012,"Nov., 2012",2012/11,10,Not Applicable,Not Applicable
Arizona,4,"Pima County, AZ",4019,2012,2012,"Dec., 2012",2012/12,13,Not Applicable,Not Applicable
Arizona,4,"Pima County, AZ",4019,2013,2013,"Mar., 2013",2013/03,14,Not Applicable,Not Applicable
Arizona,4,"Pima County, AZ",4019,2013,2013,"Apr., 2013",2013/04,10,Not Applicable,Not Applicable
Arizona,4,"Pima County, AZ",4019,2013,2013,"Aug., 2013",2013/08,13,Not Applicable,Not Applicable
Arizona,4,"Pima County, AZ",4019,2013,2013,"Nov., 2013",2013/11,11,Not Applicable,Not Applicable
Arizona,4,"Pima County, AZ",4019,2014,2014,"Mar., 2014",2014/03,10,Not Applicable,Not Applicable
Arizona,4,"Pima County, AZ",4019,2014,2014,"Apr., 2014",2014/04,11,Not Applicable,Not Applicable
Arizona,4,"Pima County, AZ",4019,2014,2014,"Nov., 2014",2014/11,13,Not Applicable,Not Applicable
Arizona,4,"Pima County, AZ",4019,2014,2014,"Dec., 2014",2014/12,10,Not Applicable,Not Applicable
Arizona,4,"Pima County, AZ",4019,2015,2015,"Dec., 2015",2015/12,11,Not Applicable,Not Applicable
California,6,"Fresno County, CA",6019,2011,2011,"Jul., 2011",2011/07,10,Not Applicable,Not Applicable
California,6,"Los Angeles County, CA",6037,2010,2010,"Jan., 2010",2010/01,18,Not Applicable,Not Applicable
California,6,"Los Angeles County, CA",6037,2010,2010,"Feb., 2010",2010/02,15,Not Applicable,Not Applicable
California,6,"Los Angeles County, CA",6037,2010,2010,"Mar., 2010",2010/03,15,Not Applicable,Not Applicable
California,6,"Los Angeles County, CA",6037,2010,2010,"Apr., 2010",2010/04,17,Not Applicable,Not Applicable
California,6,"Los Angeles County, CA",6037,2010,2010,"May, 2010",2010/05,18,Not Applicable,Not Applicable
California,6,"Los Angeles County, CA",6037,2010,2010,"Jun., 2010",2010/06,18,Not Applicable,Not Applicable
California,6,"Los Angeles County, CA",6037,2010,2010,"Jul., 2010",2010/07,25,Not Applicable,Not Applicable
California,6,"Los Angeles County, CA",6037,2010,2010,"Aug., 2010",2010/08,17,Not Applicable,Not Applicable
California,6,"Los Angeles County, CA",6037,2010,2010,"Sep., 2010",2010/09,14,Not Applicable,Not Applicable
California,6,"Los Angeles County, CA",6037,2010,2010,"Oct., 2010",2010/10,15,Not Applicable,Not Applicable
California,6,"Los Angeles County, CA",6037,2010,2010,"Nov., 2010",2010/11,13,Not Applicable,Not Applicable
California,6,"Los Angeles County, CA",6037,2010,2010,"Dec., 2010",2010/12,22,Not Applicable,Not Applicable
California,6,"Los Angeles County, CA",6037,2011,2011,"Jan., 2011",2011/01,28,Not Applicable,Not Applicable
California,6,"Los Angeles County, CA",6037,2011,2011,"Mar., 2011",2011/03,26,Not Applicable,Not Applicable
California,6,"Los Angeles County, CA",6037,2011,2011,"Apr., 2011",2011/04,18,Not Applicable,Not Applicable
California,6,"Los Angeles County, CA",6037,2011,2011,"May, 2011",2011/05,21,Not Applicable,Not Applicable
California,6,"Los Angeles County, CA",6037,2011,2011,"Jun., 2011",2011/06,18,Not Applicable,Not Applicable
California,6,"Los Angeles County, CA",6037,2011,2011,"Jul., 2011",2011/07,20,Not Applicable,Not Applicable
California,6,"Los Angeles County, CA",6037,2011,2011,"Aug., 2011",2011/08,13,Not Applicable,Not Applicable
California,6,"Los Angeles County, CA",6037,2011,2011,"Sep., 2011",2011/09,10,Not Applicable,Not Applicable
California,6,"Los Angeles County, CA",6037,2011,2011,"Oct., 2011",2011/10,18,Not Applicable,Not Applicable
California,6,"Los Angeles County, CA",6037,2011,2011,"Nov., 2011",2011/11,18,Not Applicable,Not Applicable
California,6,"Los Angeles County, CA",6037,2011,2011,"Dec., 2011",2011/12,18,Not Applicable,Not Applicable
California,6,"Los Angeles County, CA",6037,2012,2012,"Jan., 2012",2012/01,25,Not Applicable,Not Applicable
California,6,"Los Angeles County, CA",6037,2012,2012,"Feb., 2012",2012/02,14,Not Applicable,Not Applicable
California,6,"Los Angeles County, CA",6037,2012,2012,"Mar., 2012",2012/03,19,Not Applicable,Not Applicable
California,6,"Los Angeles County, CA",6037,2012,2012,"Apr., 2012",2012/04,14,Not Applicable,Not Applicable
California,6,"Los Angeles County, CA",6037,2012,2012,"May, 2012",2012/05,14,Not Applicable,Not Applicable
California,6,"Los Angeles County, CA",6037,2012,2012,"Jun., 2012",2012/06,10,Not Applicable,Not Applicable
California,6,"Los Angeles County, CA",6037,2012,2012,"Jul., 2012",2012/07,12,Not Applicable,Not Applicable
California,6,"Los Angeles County, CA",6037,2012,2012,"Aug., 2012",2012/08,18,Not Applicable,Not Applicable
California,6,"Los Angeles County, CA",6037,2012,2012,"Sep., 2012",2012/09,15,Not Applicable,Not Applicable
California,6,"Los Angeles County, CA",6037,2012,2012,"Oct., 2012",2012/10,13,Not Applicable,Not Applicable
California,6,"Los Angeles County, CA",6037,2012,2012,"Nov., 2012",2012/11,15,Not Applicable,Not Applicable
California,6,"Los Angeles County, CA",6037,2012,2012,"Dec., 2012",2012/12,16,Not Applicable,Not Applicable
California,6,"Los Angeles County, CA",6037,2013,2013,"Jan., 2013",2013/01,18,Not Applicable,Not Applicable
California,6,"Los Angeles County, CA",6037,2013,2013,"Feb., 2013",2013/02,19,Not Applicable,Not Applicable
California,6,"Los Angeles County, CA",6037,2013,2013,"Mar., 2013",2013/03,21,Not Applicable,Not Applicable
California,6,"Los Angeles County, CA",6037,2013,2013,"Apr., 2013",2013/04,19,Not Applicable,Not Applicable
California,6,"Los Angeles County, CA",6037,2013,2013,"May, 2013",2013/05,20,Not Applicable,Not Applicable
California,6,"Los Angeles County, CA",6037,2013,2013,"Jun., 2013",2013/06,27,Not Applicable,Not Applicable
California,6,"Los Angeles County, CA",6037,2013,2013,"Jul., 2013",2013/07,24,Not Applicable,Not Applicable
California,6,"Los Angeles County, CA",6037,2013,2013,"Aug., 2013",2013/08,19,Not Applicable,Not Applicable
California,6,"Los Angeles County, CA",6037,2013,2013,"Sep., 2013",2013/09,18,Not Applicable,Not Applicable
California,6,"Los Angeles County, CA",6037,2013,2013,"Oct., 2013",2013/10,26,Not Applicable,Not Applicable
California,6,"Los Angeles County, CA",6037,2013,2013,"Nov., 2013",2013/11,12,Not Applicable,Not Applicable
California,6,"Los Angeles County, CA",6037,2013,2013,"Dec., 2013",2013/12,17,Not Applicable,Not Applicable
California,6,"Los Angeles County, CA",6037,2014,2014,"Jan., 2014",2014/01,20,Not Applicable,Not Applicable
California,6,"Los Angeles County, CA",6037,2014,2014,"Feb., 2014",2014/02,12,Not Applicable,Not Applicable
California,6,"Los Angeles County, CA",6037,2014,2014,"Mar., 2014",2014/03,27,Not Applicable,Not Applicable
California,6,"Los Angeles County, CA",6037,2014,2014,"Apr., 2014",2014/04,24,Not Applicable,Not Applicable
California,6,"Los Angeles County, CA",6037,2014,2014,"May, 2014",2014/05,22,Not Applicable,Not Applicable
California,6,"Los Angeles County, CA",6037,2014,2014,"Jun., 2014",2014/06,19,Not Applicable,Not Applicable
California,6,"Los Angeles County, CA",6037,2014,2014,"Jul., 2014",2014/07,21,Not Applicable,Not Applicable
California,6,"Los Angeles County, CA",6037,2014,2014,"Aug., 2014",2014/08,15,Not Applicable,Not Applicable
California,6,"Los Angeles County, CA",6037,2014,2014,"Sep., 2014",2014/09,23,Not Applicable,Not Applicable
California,6,"Los Angeles County, CA",6037,2014,2014,"Oct., 2014",2014/10,17,Not Applicable,Not Applicable
California,6,"Los Angeles County, CA",6037,2014,2014,"Nov., 2014",2014/11,23,Not Applicable,Not Applicable
California,6,"Los Angeles County, CA",6037,2014,2014,"Dec., 2014",2014/12,19,Not Applicable,Not Applicable
California,6,"Los Angeles County, CA",6037,2015,2015,"Jan., 2015",2015/01,20,Not Applicable,Not Applicable
California,6,"Los Angeles County, CA",6037,2015,2015,"Feb., 2015",2015/02,22,Not Applicable,Not Applicable
California,6,"Los Angeles County, CA",6037,2015,2015,"Mar., 2015",2015/03,20,Not Applicable,Not Applicable
California,6,"Los Angeles County, CA",6037,2015,2015,"Apr., 2015",2015/04,22,Not Applicable,Not Applicable
California,6,"Los Angeles County, CA",6037,2015,2015,"May, 2015",2015/05,20,Not Applicable,Not Applicable
California,6,"Los Angeles County, CA",6037,2015,2015,"Jun., 2015",2015/06,32,Not Applicable,Not Applicable
California,6,"Los Angeles County, CA",6037,2015,2015,"Jul., 2015",2015/07,24,Not Applicable,Not Applicable
California,6,"Los Angeles County, CA",6037,2015,2015,"Aug., 2015",2015/08,20,Not Applicable,Not Applicable
California,6,"Los Angeles County, CA",6037,2015,2015,"Sep., 2015",2015/09,18,Not Applicable,Not Applicable
California,6,"Los Angeles County, CA",6037,2015,2015,"Oct., 2015",2015/10,16,Not Applicable,Not Applicable
California,6,"Los Angeles County, CA",6037,2015,2015,"Nov., 2015",2015/11,10,Not Applicable,Not Applicable
California,6,"Orange County, CA",6059,2010,2010,"Jan., 2010",2010/01,20,Not Applicable,Not Applicable
California,6,"Orange County, CA",6059,2010,2010,"Feb., 2010",2010/02,14,Not Applicable,Not Applicable
California,6,"Orange County, CA",6059,2010,2010,"Apr., 2010",2010/04,10,Not Applicable,Not Applicable
California,6,"Orange County, CA",6059,2010,2010,"May, 2010",2010/05,13,Not Applicable,Not Applicable
California,6,"Orange County, CA",6059,2010,2010,"Jun., 2010",2010/06,17,Not Applicable,Not Applicable
California,6,"Orange County, CA",6059,2010,2010,"Jul., 2010",2010/07,17,Not Applicable,Not Applicable
California,6,"Orange County, CA",6059,2010,2010,"Aug., 2010",2010/08,14,Not Applicable,Not Applicable
California,6,"Orange County, CA",6059,2010,2010,"Oct., 2010",2010/10,26,Not Applicable,Not Applicable
California,6,"Orange County, CA",6059,2010,2010,"Nov., 2010",2010/11,14,Not Applicable,Not Applicable
California,6,"Orange County, CA",6059,2010,2010,"Dec., 2010",2010/12,20,Not Applicable,Not Applicable
California,6,"Orange County, CA",6059,2011,2011,"Jan., 2011",2011/01,18,Not Applicable,Not Applicable
California,6,"Orange County, CA",6059,2011,2011,"Feb., 2011",2011/02,13,Not Applicable,Not Applicable
California,6,"Orange County, CA",6059,2011,2011,"Mar., 2011",2011/03,25,Not Applicable,Not Applicable
California,6,"Orange County, CA",6059,2011,2011,"Apr., 2011",2011/04,23,Not Applicable,Not Applicable
California,6,"Orange County, CA",6059,2011,2011,"May, 2011",2011/05,16,Not Applicable,Not Applicable
California,6,"Orange County, CA",6059,2011,2011,"Jun., 2011",2011/06,14,Not Applicable,Not Applicable
California,6,"Orange County, CA",6059,2011,2011,"Jul., 2011",2011/07,14,Not Applicable,Not Applicable
California,6,"Orange County, CA",6059,2011,2011,"Aug., 2011",2011/08,11,Not Applicable,Not Applicable
California,6,"Orange County, CA",6059,2011,2011,"Sep., 2011",2011/09,17,Not Applicable,Not Applicable
California,6,"Orange County, CA",6059,2011,2011,"Oct., 2011",2011/10,18,Not Applicable,Not Applicable
California,6,"Orange County, CA",6059,2011,2011,"Nov., 2011",2011/11,13,Not Applicable,Not Applicable
California,6,"Orange County, CA",6059,2011,2011,"Dec., 2011",2011/12,16,Not Applicable,Not Applicable
California,6,"Orange County, CA",6059,2012,2012,"Jan., 2012",2012/01,18,Not Applicable,Not Applicable
California,6,"Orange County, CA",6059,2012,2012,"Feb., 2012",2012/02,13,Not Applicable,Not Applicable
California,6,"Orange County, CA",6059,2012,2012,"Mar., 2012",2012/03,15,Not Applicable,Not Applicable
California,6,"Orange County, CA",6059,2012,2012,"Apr., 2012",2012/04,14,Not Applicable,Not Applicable
California,6,"Orange County, CA",6059,2012,2012,"Jun., 2012",2012/06,11,Not Applicable,Not Applicable
California,6,"Orange County, CA",6059,2012,2012,"Jul., 2012",2012/07,16,Not Applicable,Not Applicable
California,6,"Orange County, CA",6059,2012,2012,"Aug., 2012",2012/08,15,Not Applicable,Not Applicable
California,6,"Orange County, CA",6059,2012,2012,"Sep., 2012",2012/09,10,Not Applicable,Not Applicable
California,6,"Orange County, CA",6059,2012,2012,"Oct., 2012",2012/10,13,Not Applicable,Not Applicable
California,6,"Orange County, CA",6059,2013,2013,"Jan., 2013",2013/01,18,Not Applicable,Not Applicable
California,6,"Orange County, CA",6059,2013,2013,"Mar., 2013",2013/03,15,Not Applicable,Not Applicable
California,6,"Orange County, CA",6059,2013,2013,"Apr., 2013",2013/04,12,Not Applicable,Not Applicable
California,6,"Orange County, CA",6059,2013,2013,"May, 2013",2013/05,13,Not Applicable,Not Applicable
California,6,"Orange County, CA",6059,2013,2013,"Jun., 2013",2013/06,14,Not Applicable,Not Applicable
California,6,"Orange County, CA",6059,2013,2013,"Jul., 2013",2013/07,16,Not Applicable,Not Applicable
California,6,"Orange County, CA",6059,2013,2013,"Aug., 2013",2013/08,17,Not Applicable,Not Applicable
California,6,"Orange County, CA",6059,2013,2013,"Sep., 2013",2013/09,14,Not Applicable,Not Applicable
California,6,"Orange County, CA",6059,2013,2013,"Oct., 2013",2013/10,13,Not Applicable,Not Applicable
California,6,"Orange County, CA",6059,2013,2013,"Nov., 2013",2013/11,10,Not Applicable,Not Applicable
California,6,"Orange County, CA",6059,2013,2013,"Dec., 2013",2013/12,16,Not Applicable,Not Applicable
California,6,"Orange County, CA",6059,2014,2014,"Jan., 2014",2014/01,11,Not Applicable,Not Applicable
California,6,"Orange County, CA",6059,2014,2014,"Feb., 2014",2014/02,17,Not Applicable,Not Applicable
California,6,"Orange County, CA",6059,2014,2014,"Mar., 2014",2014/03,20,Not Applicable,Not Applicable
California,6,"Orange County, CA",6059,2014,2014,"Apr., 2014",2014/04,18,Not Applicable,Not Applicable
California,6,"Orange County, CA",6059,2014,2014,"May, 2014",2014/05,14,Not Applicable,Not Applicable
California,6,"Orange County, CA",6059,2014,2014,"Jun., 2014",2014/06,15,Not Applicable,Not Applicable
California,6,"Orange County, CA",6059,2014,2014,"Jul., 2014",2014/07,20,Not Applicable,Not Applicable
California,6,"Orange County, CA",6059,2014,2014,"Aug., 2014",2014/08,10,Not Applicable,Not Applicable
California,6,"Orange County, CA",6059,2014,2014,"Sep., 2014",2014/09,10,Not Applicable,Not Applicable
California,6,"Orange County, CA",6059,2014,2014,"Oct., 2014",2014/10,19,Not Applicable,Not Applicable
California,6,"Orange County, CA",6059,2014,2014,"Nov., 2014",2014/11,12,Not Applicable,Not Applicable
California,6,"Orange County, CA",6059,2014,2014,"Dec., 2014",2014/12,14,Not Applicable,Not Applicable
California,6,"Orange County, CA",6059,2015,2015,"Jan., 2015",2015/01,13,Not Applicable,Not Applicable
California,6,"Orange County, CA",6059,2015,2015,"Feb., 2015",2015/02,17,Not Applicable,Not Applicable
California,6,"Orange County, CA",6059,2015,2015,"Mar., 2015",2015/03,15,Not Applicable,Not Applicable
California,6,"Orange County, CA",6059,2015,2015,"Apr., 2015",2015/04,17,Not Applicable,Not Applicable
California,6,"Orange County, CA",6059,2015,2015,"May, 2015",2015/05,17,Not Applicable,Not Applicable
California,6,"Orange County, CA",6059,2015,2015,"Jun., 2015",2015/06,15,Not Applicable,Not Applicable
California,6,"Orange County, CA",6059,2015,2015,"Jul., 2015",2015/07,17,Not Applicable,Not Applicable
California,6,"Orange County, CA",6059,2015,2015,"Aug., 2015",2015/08,19,Not Applicable,Not Applicable
California,6,"Orange County, CA",6059,2015,2015,"Sep., 2015",2015/09,11,Not Applicable,Not Applicable
California,6,"Orange County, CA",6059,2015,2015,"Oct., 2015",2015/10,19,Not Applicable,Not Applicable
California,6,"Orange County, CA",6059,2015,2015,"Nov., 2015",2015/11,20,Not Applicable,Not Applicable
California,6,"Orange County, CA",6059,2015,2015,"Dec., 2015",2015/12,15,Not Applicable,Not Applicable
California,6,"Riverside County, CA",6065,2011,2011,"Mar., 2011",2011/03,14,Not Applicable,Not Applicable
California,6,"Riverside County, CA",6065,2011,2011,"Apr., 2011",2011/04,12,Not Applicable,Not Applicable
California,6,"Riverside County, CA",6065,2013,2013,"Oct., 2013",2013/10,11,Not Applicable,Not Applicable
California,6,"Riverside County, CA",6065,2015,2015,"Feb., 2015",2015/02,14,Not Applicable,Not Applicable
California,6,"Sacramento County, CA",6067,2013,2013,"Feb., 2013",2013/02,13,Not Applicable,Not Applicable
California,6,"San Bernardino County, CA",6071,2013,2013,"Jun., 2013",2013/06,11,Not Applicable,Not Applicable
California,6,"San Diego County, CA",6073,2010,2010,"Jan., 2010",2010/01,14,Not Applicable,Not Applicable
California,6,"San Diego County, CA",6073,2010,2010,"Mar., 2010",2010/03,23,Not Applicable,Not Applicable
California,6,"San Diego County, CA",6073,2010,2010,"Apr., 2010",2010/04,15,Not Applicable,Not Applicable
California,6,"San Diego County, CA",6073,2010,2010,"Jun., 2010",2010/06,14,Not Applicable,Not Applicable
California,6,"San Diego County, CA",6073,2010,2010,"Jul., 2010",2010/07,12,Not Applicable,Not Applicable
California,6,"San Diego County, CA",6073,2010,2010,"Aug., 2010",2010/08,19,Not Applicable,Not Applicable
California,6,"San Diego County, CA",6073,2010,2010,"Sep., 2010",2010/09,16,Not Applicable,Not Applicable
California,6,"San Diego County, CA",6073,2010,2010,"Oct., 2010",2010/10,17,Not Applicable,Not Applicable
California,6,"San Diego County, CA",6073,2010,2010,"Nov., 2010",2010/11,15,Not Applicable,Not Applicable
California,6,"San Diego County, CA",6073,2010,2010,"Dec., 2010",2010/12,17,Not Applicable,Not Applicable
California,6,"San Diego County, CA",6073,2011,2011,"Jan., 2011",2011/01,22,Not Applicable,Not Applicable
California,6,"San Diego County, CA",6073,2011,2011,"Feb., 2011",2011/02,24,Not Applicable,Not Applicable
California,6,"San Diego County, CA",6073,2011,2011,"Mar., 2011",2011/03,24,Not Applicable,Not Applicable
California,6,"San Diego County, CA",6073,2011,2011,"Apr., 2011",2011/04,17,Not Applicable,Not Applicable
California,6,"San Diego County, CA",6073,2011,2011,"May, 2011",2011/05,19,Not Applicable,Not Applicable
California,6,"San Diego County, CA",6073,2011,2011,"Jun., 2011",2011/06,16,Not Applicable,Not Applicable
California,6,"San Diego County, CA",6073,2011,2011,"Jul., 2011",2011/07,14,Not Applicable,Not Applicable
California,6,"San Diego County, CA",6073,2011,2011,"Aug., 2011",2011/08,20,Not Applicable,Not Applicable
California,6,"San Diego County, CA",6073,2011,2011,"Sep., 2011",2011/09,11,Not Applicable,Not Applicable
California,6,"San Diego County, CA",6073,2011,2011,"Oct., 2011",2011/10,19,Not Applicable,Not Applicable
California,6,"San Diego County, CA",6073,2011,2011,"Nov., 2011",2011/11,22,Not Applicable,Not Applicable
California,6,"San Diego County, CA",6073,2011,2011,"Dec., 2011",2011/12,16,Not Applicable,Not Applicable
California,6,"San Diego County, CA",6073,2012,2012,"Jan., 2012",2012/01,17,Not Applicable,Not Applicable
California,6,"San Diego County, CA",6073,2012,2012,"Feb., 2012",2012/02,15,Not Applicable,Not Applicable
California,6,"San Diego County, CA",6073,2012,2012,"Mar., 2012",2012/03,15,Not Applicable,Not Applicable
California,6,"San Diego County, CA",6073,2012,2012,"Apr., 2012",2012/04,22,Not Applicable,Not Applicable
California,6,"San Diego County, CA",6073,2012,2012,"May, 2012",2012/05,20,Not Applicable,Not Applicable
California,6,"San Diego County, CA",6073,2012,2012,"Jun., 2012",2012/06,24,Not Applicable,Not Applicable
California,6,"San Diego County, CA",6073,2012,2012,"Jul., 2012",2012/07,16,Not Applicable,Not Applicable
California,6,"San Diego County, CA",6073,2012,2012,"Aug., 2012",2012/08,15,Not Applicable,Not Applicable
California,6,"San Diego County, CA",6073,2012,2012,"Sep., 2012",2012/09,11,Not Applicable,Not Applicable
California,6,"San Diego County, CA",6073,2012,2012,"Oct., 2012",2012/10,16,Not Applicable,Not Applicable
California,6,"San Diego County, CA",6073,2012,2012,"Nov., 2012",2012/11,18,Not Applicable,Not Applicable
California,6,"San Diego County, CA",6073,2012,2012,"Dec., 2012",2012/12,25,Not Applicable,Not Applicable
California,6,"San Diego County, CA",6073,2013,2013,"Jan., 2013",2013/01,13,Not Applicable,Not Applicable
California,6,"San Diego County, CA",6073,2013,2013,"Feb., 2013",2013/02,19,Not Applicable,Not Applicable
California,6,"San Diego County, CA",6073,2013,2013,"Mar., 2013",2013/03,19,Not Applicable,Not Applicable
California,6,"San Diego County, CA",6073,2013,2013,"Apr., 2013",2013/04,22,Not Applicable,Not Applicable
California,6,"San Diego County, CA",6073,2013,2013,"May, 2013",2013/05,23,Not Applicable,Not Applicable
California,6,"San Diego County, CA",6073,2013,2013,"Jun., 2013",2013/06,13,Not Applicable,Not Applicable
California,6,"San Diego County, CA",6073,2013,2013,"Jul., 2013",2013/07,19,Not Applicable,Not Applicable
California,6,"San Diego County, CA",6073,2013,2013,"Aug., 2013",2013/08,16,Not Applicable,Not Applicable
California,6,"San Diego County, CA",6073,2013,2013,"Sep., 2013",2013/09,19,Not Applicable,Not Applicable
California,6,"San Diego County, CA",6073,2013,2013,"Oct., 2013",2013/10,12,Not Applicable,Not Applicable
California,6,"San Diego County, CA",6073,2013,2013,"Nov., 2013",2013/11,16,Not Applicable,Not Applicable
California,6,"San Diego County, CA",6073,2013,2013,"Dec., 2013",2013/12,16,Not Applicable,Not Applicable
California,6,"San Diego County, CA",6073,2014,2014,"Jan., 2014",2014/01,17,Not Applicable,Not Applicable
California,6,"San Diego County, CA",6073,2014,2014,"Feb., 2014",2014/02,16,Not Applicable,Not Applicable
California,6,"San Diego County, CA",6073,2014,2014,"Mar., 2014",2014/03,20,Not Applicable,Not Applicable
California,6,"San Diego County, CA",6073,2014,2014,"Apr., 2014",2014/04,14,Not Applicable,Not Applicable
California,6,"San Diego County, CA",6073,2014,2014,"May, 2014",2014/05,16,Not Applicable,Not Applicable
California,6,"San Diego County, CA",6073,2014,2014,"Jun., 2014",2014/06,14,Not Applicable,Not Applicable
California,6,"San Diego County, CA",6073,2014,2014,"Jul., 2014",2014/07,19,Not Applicable,Not Applicable
California,6,"San Diego County, CA",6073,2014,2014,"Aug., 2014",2014/08,23,Not Applicable,Not Applicable
California,6,"San Diego County, CA",6073,2014,2014,"Sep., 2014",2014/09,14,Not Applicable,Not Applicable
California,6,"San Diego County, CA",6073,2014,2014,"Oct., 2014",2014/10,19,Not Applicable,Not Applicable
California,6,"San Diego County, CA",6073,2014,2014,"Nov., 2014",2014/11,20,Not Applicable,Not Applicable
California,6,"San Diego County, CA",6073,2014,2014,"Dec., 2014",2014/12,21,Not Applicable,Not Applicable
California,6,"San Diego County, CA",6073,2015,2015,"Jan., 2015",2015/01,19,Not Applicable,Not Applicable
California,6,"San Diego County, CA",6073,2015,2015,"Feb., 2015",2015/02,20,Not Applicable,Not Applicable
California,6,"San Diego County, CA",6073,2015,2015,"Mar., 2015",2015/03,15,Not Applicable,Not Applicable
California,6,"San Diego County, CA",6073,2015,2015,"Apr., 2015",2015/04,19,Not Applicable,Not Applicable
California,6,"San Diego County, CA",6073,2015,2015,"May, 2015",2015/05,19,Not Applicable,Not Applicable
California,6,"San Diego County, CA",6073,2015,2015,"Jun., 2015",2015/06,16,Not Applicable,Not Applicable
California,6,"San Diego County, CA",6073,2015,2015,"Aug., 2015",2015/08,23,Not Applicable,Not Applicable
California,6,"San Diego County, CA",6073,2015,2015,"Sep., 2015",2015/09,16,Not Applicable,Not Applicable
California,6,"San Diego County, CA",6073,2015,2015,"Oct., 2015",2015/10,13,Not Applicable,Not Applicable
California,6,"San Diego County, CA",6073,2015,2015,"Nov., 2015",2015/11,19,Not Applicable,Not Applicable
California,6,"San Diego County, CA",6073,2015,2015,"Dec., 2015",2015/12,11,Not Applicable,Not Applicable
California,6,"San Francisco County, CA",6075,2010,2010,"Jan., 2010",2010/01,12,Not Applicable,Not Applicable
California,6,"San Francisco County, CA",6075,2010,2010,"Aug., 2010",2010/08,12,Not Applicable,Not Applicable
California,6,"San Francisco County, CA",6075,2011,2011,"Apr., 2011",2011/04,11,Not Applicable,Not Applicable
California,6,"San Francisco County, CA",6075,2011,2011,"May, 2011",2011/05,10,Not Applicable,Not Applicable
California,6,"Ventura County, CA",6111,2011,2011,"Mar., 2011",2011/03,10,Not Applicable,Not Applicable
Colorado,8,"Arapahoe County, CO",8005,2015,2015,"Jun., 2015",2015/06,10,Not Applicable,Not Applicable
Colorado,8,"Denver County, CO",8031,2011,2011,"Jul., 2011",2011/07,10,Not Applicable,Not Applicable
Colorado,8,"Denver County, CO",8031,2012,2012,"Feb., 2012",2012/02,10,Not Applicable,Not Applicable
Colorado,8,"El Paso County, CO",8041,2014,2014,"Jun., 2014",2014/06,10,Not Applicable,Not Applicable
Colorado,8,"El Paso County, CO",8041,2015,2015,"Apr., 2015",2015/04,11,Not Applicable,Not Applicable
Connecticut,9,"Hartford County, CT",9003,2015,2015,"Jan., 2015",2015/01,12,Not Applicable,Not Applicable
Connecticut,9,"Hartford County, CT",9003,2015,2015,"Nov., 2015",2015/11,10,Not Applicable,Not Applicable
Delaware,10,"New Castle County, DE",10003,2011,2011,"Jun., 2011",2011/06,10,Not Applicable,Not Applicable
Delaware,10,"New Castle County, DE",10003,2011,2011,"Dec., 2011",2011/12,10,Not Applicable,Not Applicable
Delaware,10,"New Castle County, DE",10003,2012,2012,"Jun., 2012",2012/06,10,Not Applicable,Not Applicable
Florida,12,"Broward County, FL",12011,2010,2010,"Jan., 2010",2010/01,19,Not Applicable,Not Applicable
Florida,12,"Broward County, FL",12011,2010,2010,"Feb., 2010",2010/02,12,Not Applicable,Not Applicable
Florida,12,"Broward County, FL",12011,2010,2010,"Jun., 2010",2010/06,11,Not Applicable,Not Applicable
Florida,12,"Broward County, FL",12011,2010,2010,"Aug., 2010",2010/08,10,Not Applicable,Not Applicable
Florida,12,"Broward County, FL",12011,2010,2010,"Nov., 2010",2010/11,14,Not Applicable,Not Applicable
Florida,12,"Broward County, FL",12011,2011,2011,"Jan., 2011",2011/01,10,Not Applicable,Not Applicable
Florida,12,"Broward County, FL",12011,2011,2011,"Feb., 2011",2011/02,10,Not Applicable,Not Applicable
Florida,12,"Broward County, FL",12011,2011,2011,"Apr., 2011",2011/04,15,Not Applicable,Not Applicable
Florida,12,"Broward County, FL",12011,2011,2011,"May, 2011",2011/05,17,Not Applicable,Not Applicable
Florida,12,"Broward County, FL",12011,2011,2011,"Aug., 2011",2011/08,11,Not Applicable,Not Applicable
Florida,12,"Broward County, FL",12011,2011,2011,"Nov., 2011",2011/11,11,Not Applicable,Not Applicable
Florida,12,"Broward County, FL",12011,2012,2012,"Jan., 2012",2012/01,10,Not Applicable,Not Applicable
Florida,12,"Broward County, FL",12011,2012,2012,"Jul., 2012",2012/07,12,Not Applicable,Not Applicable
Florida,12,"Broward County, FL",12011,2012,2012,"Sep., 2012",2012/09,13,Not Applicable,Not Applicable
Florida,12,"Broward County, FL",12011,2012,2012,"Oct., 2012",2012/10,13,Not Applicable,Not Applicable
Florida,12,"Broward County, FL",12011,2013,2013,"Apr., 2013",2013/04,10,Not Applicable,Not Applicable
Florida,12,"Broward County, FL",12011,2013,2013,"Aug., 2013",2013/08,10,Not Applicable,Not Applicable
Florida,12,"Broward County, FL",12011,2013,2013,"Dec., 2013",2013/12,11,Not Applicable,Not Applicable
Florida,12,"Broward County, FL",12011,2014,2014,"Jun., 2014",2014/06,10,Not Applicable,Not Applicable
Florida,12,"Broward County, FL",12011,2014,2014,"Aug., 2014",2014/08,12,Not Applicable,Not Applicable
Florida,12,"Broward County, FL",12011,2015,2015,"Aug., 2015",2015/08,16,Not Applicable,Not Applicable
Florida,12,"Duval County, FL",12031,2011,2011,"Sep., 2011",2011/09,10,Not Applicable,Not Applicable
Florida,12,"Duval County, FL",12031,2012,2012,"Oct., 2012",2012/10,12,Not Applicable,Not Applicable
Florida,12,"Duval County, FL",12031,2013,2013,"Sep., 2013",2013/09,10,Not Applicable,Not Applicable
Florida,12,"Duval County, FL",12031,2015,2015,"Jul., 2015",2015/07,13,Not Applicable,Not Applicable
Florida,12,"Duval County, FL",12031,2015,2015,"Sep., 2015",2015/09,11,Not Applicable,Not Applicable
Florida,12,"Duval County, FL",12031,2015,2015,"Oct., 2015",2015/10,12,Not Applicable,Not Applicable
Florida,12,"Hillsborough County, FL",12057,2010,2010,"Jan., 2010",2010/01,22,Not Applicable,Not Applicable
Florida,12,"Hillsborough County, FL",12057,2010,2010,"Mar., 2010",2010/03,13,Not Applicable,Not Applicable
Florida,12,"Hillsborough County, FL",12057,2010,2010,"Apr., 2010",2010/04,10,Not Applicable,Not Applicable
Florida,12,"Hillsborough County, FL",12057,2010,2010,"May, 2010",2010/05,15,Not Applicable,Not Applicable
Florida,12,"Hillsborough County, FL",12057,2010,2010,"Jul., 2010",2010/07,16,Not Applicable,Not Applicable
Florida,12,"Hillsborough County, FL",12057,2010,2010,"Oct., 2010",2010/10,17,Not Applicable,Not Applicable
Florida,12,"Hillsborough County, FL",12057,2010,2010,"Nov., 2010",2010/11,22,Not Applicable,Not Applicable
Florida,12,"Hillsborough County, FL",12057,2010,2010,"Dec., 2010",2010/12,19,Not Applicable,Not Applicable
Florida,12,"Hillsborough County, FL",12057,2011,2011,"Jan., 2011",2011/01,13,Not Applicable,Not Applicable
Florida,12,"Hillsborough County, FL",12057,2011,2011,"Feb., 2011",2011/02,12,Not Applicable,Not Applicable
Florida,12,"Hillsborough County, FL",12057,2011,2011,"Mar., 2011",2011/03,15,Not Applicable,Not Applicable
Florida,12,"Hillsborough County, FL",12057,2011,2011,"Apr., 2011",2011/04,14,Not Applicable,Not Applicable
Florida,12,"Hillsborough County, FL",12057,2011,2011,"May, 2011",2011/05,15,Not Applicable,Not Applicable
Florida,12,"Hillsborough County, FL",12057,2011,2011,"Jul., 2011",2011/07,11,Not Applicable,Not Applicable
Florida,12,"Hillsborough County, FL",12057,2011,2011,"Aug., 2011",2011/08,22,Not Applicable,Not Applicable
Florida,12,"Hillsborough County, FL",12057,2011,2011,"Sep., 2011",2011/09,10,Not Applicable,Not Applicable
Florida,12,"Hillsborough County, FL",12057,2011,2011,"Oct., 2011",2011/10,12,Not Applicable,Not Applicable
Florida,12,"Hillsborough County, FL",12057,2011,2011,"Nov., 2011",2011/11,11,Not Applicable,Not Applicable
Florida,12,"Hillsborough County, FL",12057,2011,2011,"Dec., 2011",2011/12,10,Not Applicable,Not Applicable
Florida,12,"Hillsborough County, FL",12057,2012,2012,"Jan., 2012",2012/01,11,Not Applicable,Not Applicable
Florida,12,"Hillsborough County, FL",12057,2012,2012,"Feb., 2012",2012/02,14,Not Applicable,Not Applicable
Florida,12,"Hillsborough County, FL",12057,2012,2012,"May, 2012",2012/05,12,Not Applicable,Not Applicable
Florida,12,"Hillsborough County, FL",12057,2013,2013,"Apr., 2013",2013/04,10,Not Applicable,Not Applicable
Florida,12,"Hillsborough County, FL",12057,2014,2014,"Feb., 2014",2014/02,12,Not Applicable,Not Applicable
Florida,12,"Hillsborough County, FL",12057,2014,2014,"Nov., 2014",2014/11,10,Not Applicable,Not Applicable
Florida,12,"Hillsborough County, FL",12057,2015,2015,"Jan., 2015",2015/01,11,Not Applicable,Not Applicable
Florida,12,"Hillsborough County, FL",12057,2015,2015,"Jul., 2015",2015/07,12,Not Applicable,Not Applicable
Florida,12,"Lee County, FL",12071,2010,2010,"Jun., 2010",2010/06,14,Not Applicable,Not Applicable
Florida,12,"Miami-Dade County, FL",12086,2011,2011,"Feb., 2011",2011/02,11,Not Applicable,Not Applicable
Florida,12,"Miami-Dade County, FL",12086,2011,2011,"Oct., 2011",2011/10,10,Not Applicable,Not Applicable
Florida,12,"Miami-Dade County, FL",12086,2012,2012,"Jan., 2012",2012/01,10,Not Applicable,Not Applicable
Florida,12,"Miami-Dade County, FL",12086,2015,2015,"Jan., 2015",2015/01,10,Not Applicable,Not Applicable
Florida,12,"Miami-Dade County, FL",12086,2015,2015,"Feb., 2015",2015/02,10,Not Applicable,Not Applicable
Florida,12,"Miami-Dade County, FL",12086,2015,2015,"Jul., 2015",2015/07,10,Not Applicable,Not Applicable
Florida,12,"Miami-Dade County, FL",12086,2015,2015,"Aug., 2015",2015/08,10,Not Applicable,Not Applicable
Florida,12,"Miami-Dade County, FL",12086,2015,2015,"Oct., 2015",2015/10,11,Not Applicable,Not Applicable
Florida,12,"Orange County, FL",12095,2010,2010,"Jan., 2010",2010/01,11,Not Applicable,Not Applicable
Florida,12,"Orange County, FL",12095,2010,2010,"Feb., 2010",2010/02,12,Not Applicable,Not Applicable
Florida,12,"Orange County, FL",12095,2010,2010,"Jul., 2010",2010/07,10,Not Applicable,Not Applicable
Florida,12,"Orange County, FL",12095,2010,2010,"Sep., 2010",2010/09,10,Not Applicable,Not Applicable
Florida,12,"Orange County, FL",12095,2010,2010,"Oct., 2010",2010/10,10,Not Applicable,Not Applicable
Florida,12,"Orange County, FL",12095,2010,2010,"Dec., 2010",2010/12,11,Not Applicable,Not Applicable
Florida,12,"Orange County, FL",12095,2011,2011,"Mar., 2011",2011/03,10,Not Applicable,Not Applicable
Florida,12,"Orange County, FL",12095,2011,2011,"Jul., 2011",2011/07,13,Not Applicable,Not Applicable
Florida,12,"Orange County, FL",12095,2011,2011,"Nov., 2011",2011/11,13,Not Applicable,Not Applicable
Florida,12,"Orange County, FL",12095,2013,2013,"Jun., 2013",2013/06,13,Not Applicable,Not Applicable
Florida,12,"Orange County, FL",12095,2014,2014,"Jul., 2014",2014/07,11,Not Applicable,Not Applicable
Florida,12,"Palm Beach County, FL",12099,2010,2010,"Mar., 2010",2010/03,13,Not Applicable,Not Applicable
Florida,12,"Palm Beach County, FL",12099,2010,2010,"Apr., 2010",2010/04,10,Not Applicable,Not Applicable
Florida,12,"Palm Beach County, FL",12099,2010,2010,"May, 2010",2010/05,10,Not Applicable,Not Applicable
Florida,12,"Palm Beach County, FL",12099,2010,2010,"Jul., 2010",2010/07,10,Not Applicable,Not Applicable
Florida,12,"Palm Beach County, FL",12099,2010,2010,"Sep., 2010",2010/09,13,Not Applicable,Not Applicable
Florida,12,"Palm Beach County, FL",12099,2013,2013,"Jul., 2013",2013/07,10,Not Applicable,Not Applicable
Florida,12,"Pasco County, FL",12101,2010,2010,"Aug., 2010",2010/08,10,Not Applicable,Not Applicable
Florida,12,"Pinellas County, FL",12103,2010,2010,"Aug., 2010",2010/08,12,Not Applicable,Not Applicable
Florida,12,"Pinellas County, FL",12103,2010,2010,"Oct., 2010",2010/10,12,Not Applicable,Not Applicable
Florida,12,"Volusia County, FL",12127,2010,2010,"Jan., 2010",2010/01,12,Not Applicable,Not Applicable
Florida,12,"Volusia County, FL",12127,2010,2010,"Jun., 2010",2010/06,10,Not Applicable,Not Applicable
Florida,12,"Volusia County, FL",12127,2010,2010,"Aug., 2010",2010/08,13,Not Applicable,Not Applicable
Florida,12,"Volusia County, FL",12127,2011,2011,"Aug., 2011",2011/08,10,Not Applicable,Not Applicable
Georgia,13,"Fulton County, GA",13121,2014,2014,"Nov., 2014",2014/11,10,Not Applicable,Not Applicable
Illinois,17,"Cook County, IL",17031,2012,2012,"Feb., 2012",2012/02,11,Not Applicable,Not Applicable
Illinois,17,"Cook County, IL",17031,2012,2012,"Aug., 2012",2012/08,11,Not Applicable,Not Applicable
Illinois,17,"Cook County, IL",17031,2012,2012,"Nov., 2012",2012/11,13,Not Applicable,Not Applicable
Illinois,17,"Cook County, IL",17031,2012,2012,"Dec., 2012",2012/12,12,Not Applicable,Not Applicable
Illinois,17,"Cook County, IL",17031,2013,2013,"Jan., 2013",2013/01,14,Not Applicable,Not Applicable
Illinois,17,"Cook County, IL",17031,2013,2013,"Feb., 2013",2013/02,15,Not Applicable,Not Applicable
Illinois,17,"Cook County, IL",17031,2013,2013,"Mar., 2013",2013/03,10,Not Applicable,Not Applicable
Illinois,17,"Cook County, IL",17031,2013,2013,"Apr., 2013",2013/04,24,Not Applicable,Not Applicable
Illinois,17,"Cook County, IL",17031,2013,2013,"May, 2013",2013/05,17,Not Applicable,Not Applicable
Illinois,17,"Cook County, IL",17031,2013,2013,"Jun., 2013",2013/06,13,Not Applicable,Not Applicable
Illinois,17,"Cook County, IL",17031,2013,2013,"Jul., 2013",2013/07,16,Not Applicable,Not Applicable
Illinois,17,"Cook County, IL",17031,2013,2013,"Aug., 2013",2013/08,14,Not Applicable,Not Applicable
Illinois,17,"Cook County, IL",17031,2013,2013,"Sep., 2013",2013/09,18,Not Applicable,Not Applicable
Illinois,17,"Cook County, IL",17031,2013,2013,"Oct., 2013",2013/10,12,Not Applicable,Not Applicable
Illinois,17,"Cook County, IL",17031,2013,2013,"Nov., 2013",2013/11,10,Not Applicable,Not Applicable
Illinois,17,"Cook County, IL",17031,2013,2013,"Dec., 2013",2013/12,14,Not Applicable,Not Applicable
Illinois,17,"Cook County, IL",17031,2014,2014,"Jan., 2014",2014/01,11,Not Applicable,Not Applicable
Illinois,17,"Cook County, IL",17031,2014,2014,"Mar., 2014",2014/03,10,Not Applicable,Not Applicable
Illinois,17,"Cook County, IL",17031,2014,2014,"Apr., 2014",2014/04,11,Not Applicable,Not Applicable
Illinois,17,"Cook County, IL",17031,2014,2014,"May, 2014",2014/05,13,Not Applicable,Not Applicable
Illinois,17,"Cook County, IL",17031,2014,2014,"Jun., 2014",2014/06,12,Not Applicable,Not Applicable
Illinois,17,"Cook County, IL",17031,2014,2014,"Jul., 2014",2014/07,21,Not Applicable,Not Applicable
Illinois,17,"Cook County, IL",17031,2014,2014,"Aug., 2014",2014/08,16,Not Applicable,Not Applicable
Illinois,17,"Cook County, IL",17031,2014,2014,"Sep., 2014",2014/09,12,Not Applicable,Not Applicable
Illinois,17,"Cook County, IL",17031,2014,2014,"Oct., 2014",2014/10,19,Not Applicable,Not Applicable
Illinois,17,"Cook County, IL",17031,2014,2014,"Nov., 2014",2014/11,20,Not Applicable,Not Applicable
Illinois,17,"Cook County, IL",17031,2014,2014,"Dec., 2014",2014/12,14,Not Applicable,Not Applicable
Illinois,17,"Cook County, IL",17031,2015,2015,"Jan., 2015",2015/01,15,Not Applicable,Not Applicable
Illinois,17,"Cook County, IL",17031,2015,2015,"Feb., 2015",2015/02,15,Not Applicable,Not Applicable
Illinois,17,"Cook County, IL",17031,2015,2015,"Mar., 2015",2015/03,21,Not Applicable,Not Applicable
Illinois,17,"Cook County, IL",17031,2015,2015,"Apr., 2015",2015/04,29,Not Applicable,Not Applicable
Illinois,17,"Cook County, IL",17031,2015,2015,"May, 2015",2015/05,27,Not Applicable,Not Applicable
Illinois,17,"Cook County, IL",17031,2015,2015,"Jun., 2015",2015/06,13,Not Applicable,Not Applicable
Illinois,17,"Cook County, IL",17031,2015,2015,"Jul., 2015",2015/07,18,Not Applicable,Not Applicable
Illinois,17,"Cook County, IL",17031,2015,2015,"Aug., 2015",2015/08,19,Not Applicable,Not Applicable
Illinois,17,"Cook County, IL",17031,2015,2015,"Sep., 2015",2015/09,27,Not Applicable,Not Applicable
Illinois,17,"Cook County, IL",17031,2015,2015,"Oct., 2015",2015/10,30,Not Applicable,Not Applicable
Illinois,17,"Cook County, IL",17031,2015,2015,"Nov., 2015",2015/11,26,Not Applicable,Not Applicable
Illinois,17,"Cook County, IL",17031,2015,2015,"Dec., 2015",2015/12,36,Not Applicable,Not Applicable
Louisiana,22,"Jefferson Parish, LA",22051,2015,2015,"Mar., 2015",2015/03,12,Not Applicable,Not Applicable
Louisiana,22,"Jefferson Parish, LA",22051,2015,2015,"Apr., 2015",2015/04,10,Not Applicable,Not Applicable
Maryland,24,"Anne Arundel County, MD",24003,2015,2015,"Oct., 2015",2015/10,10,Not Applicable,Not Applicable
Maryland,24,"Baltimore County, MD",24005,2010,2010,"Dec., 2010",2010/12,10,Not Applicable,Not Applicable
Maryland,24,"Baltimore County, MD",24005,2012,2012,"May, 2012",2012/05,12,Not Applicable,Not Applicable
Maryland,24,"Baltimore County, MD",24005,2014,2014,"Jul., 2014",2014/07,10,Not Applicable,Not Applicable
Maryland,24,"Baltimore County, MD",24005,2014,2014,"Dec., 2014",2014/12,12,Not Applicable,Not Applicable
Maryland,24,"Baltimore County, MD",24005,2015,2015,"Feb., 2015",2015/02,11,Not Applicable,Not Applicable
Maryland,24,"Baltimore County, MD",24005,2015,2015,"Jun., 2015",2015/06,10,Not Applicable,Not Applicable
Maryland,24,"Baltimore County, MD",24005,2015,2015,"Oct., 2015",2015/10,14,Not Applicable,Not Applicable
Maryland,24,"Baltimore city, MD",24510,2012,2012,"Jul., 2012",2012/07,10,Not Applicable,Not Applicable
Maryland,24,"Baltimore city, MD",24510,2013,2013,"Jul., 2013",2013/07,12,Not Applicable,Not Applicable
Maryland,24,"Baltimore city, MD",24510,2013,2013,"Dec., 2013",2013/12,13,Not Applicable,Not Applicable
Maryland,24,"Baltimore city, MD",24510,2014,2014,"Feb., 2014",2014/02,11,Not Applicable,Not Applicable
Maryland,24,"Baltimore city, MD",24510,2014,2014,"May, 2014",2014/05,12,Not Applicable,Not Applicable
Maryland,24,"Baltimore city, MD",24510,2014,2014,"Jun., 2014",2014/06,14,Not Applicable,Not Applicable
Maryland,24,"Baltimore city, MD",24510,2014,2014,"Jul., 2014",2014/07,14,Not Applicable,Not Applicable
Maryland,24,"Baltimore city, MD",24510,2015,2015,"Jan., 2015",2015/01,18,Not Applicable,Not Applicable
Maryland,24,"Baltimore city, MD",24510,2015,2015,"Feb., 2015",2015/02,12,Not Applicable,Not Applicable
Maryland,24,"Baltimore city, MD",24510,2015,2015,"Mar., 2015",2015/03,10,Not Applicable,Not Applicable
Maryland,24,"Baltimore city, MD",24510,2015,2015,"Jul., 2015",2015/07,23,Not Applicable,Not Applicable
Maryland,24,"Baltimore city, MD",24510,2015,2015,"Oct., 2015",2015/10,13,Not Applicable,Not Applicable
Massachusetts,25,"Essex County, MA",25009,2014,2014,"May, 2014",2014/05,11,Not Applicable,Not Applicable
Massachusetts,25,"Essex County, MA",25009,2014,2014,"Sep., 2014",2014/09,10,Not Applicable,Not Applicable
Massachusetts,25,"Middlesex County, MA",25017,2014,2014,"Feb., 2014",2014/02,12,Not Applicable,Not Applicable
Massachusetts,25,"Middlesex County, MA",25017,2014,2014,"Jun., 2014",2014/06,11,Not Applicable,Not Applicable
Massachusetts,25,"Middlesex County, MA",25017,2014,2014,"Oct., 2014",2014/10,13,Not Applicable,Not Applicable
Massachusetts,25,"Middlesex County, MA",25017,2015,2015,"Jan., 2015",2015/01,13,Not Applicable,Not Applicable
Massachusetts,25,"Middlesex County, MA",25017,2015,2015,"Apr., 2015",2015/04,11,Not Applicable,Not Applicable
Michigan,26,"Wayne County, MI",26163,2010,2010,"Mar., 2010",2010/03,11,Not Applicable,Not Applicable
Michigan,26,"Wayne County, MI",26163,2010,2010,"Apr., 2010",2010/04,13,Not Applicable,Not Applicable
Michigan,26,"Wayne County, MI",26163,2010,2010,"May, 2010",2010/05,14,Not Applicable,Not Applicable
Michigan,26,"Wayne County, MI",26163,2010,2010,"Jun., 2010",2010/06,19,Not Applicable,Not Applicable
Michigan,26,"Wayne County, MI",26163,2010,2010,"Jul., 2010",2010/07,16,Not Applicable,Not Applicable
Michigan,26,"Wayne County, MI",26163,2010,2010,"Aug., 2010",2010/08,10,Not Applicable,Not Applicable
Michigan,26,"Wayne County, MI",26163,2010,2010,"Sep., 2010",2010/09,18,Not Applicable,Not Applicable
Michigan,26,"Wayne County, MI",26163,2010,2010,"Oct., 2010",2010/10,23,Not Applicable,Not Applicable
Michigan,26,"Wayne County, MI",26163,2010,2010,"Nov., 2010",2010/11,10,Not Applicable,Not Applicable
Michigan,26,"Wayne County, MI",26163,2010,2010,"Dec., 2010",2010/12,13,Not Applicable,Not Applicable
Michigan,26,"Wayne County, MI",26163,2011,2011,"Jan., 2011",2011/01,16,Not Applicable,Not Applicable
Michigan,26,"Wayne County, MI",26163,2011,2011,"Mar., 2011",2011/03,10,Not Applicable,Not Applicable
Michigan,26,"Wayne County, MI",26163,2011,2011,"Apr., 2011",2011/04,10,Not Applicable,Not Applicable
Michigan,26,"Wayne County, MI",26163,2011,2011,"May, 2011",2011/05,14,Not Applicable,Not Applicable
Michigan,26,"Wayne County, MI",26163,2011,2011,"Jun., 2011",2011/06,10,Not Applicable,Not Applicable
Michigan,26,"Wayne County, MI",26163,2011,2011,"Aug., 2011",2011/08,13,Not Applicable,Not Applicable
Michigan,26,"Wayne County, MI",26163,2011,2011,"Sep., 2011",2011/09,11,Not Applicable,Not Applicable
Michigan,26,"Wayne County, MI",26163,2011,2011,"Oct., 2011",2011/10,14,Not Applicable,Not Applicable
Michigan,26,"Wayne County, MI",26163,2012,2012,"Jan., 2012",2012/01,10,Not Applicable,Not Applicable
Michigan,26,"Wayne County, MI",26163,2012,2012,"Feb., 2012",2012/02,11,Not Applicable,Not Applicable
Michigan,26,"Wayne County, MI",26163,2012,2012,"Mar., 2012",2012/03,11,Not Applicable,Not Applicable
Michigan,26,"Wayne County, MI",26163,2012,2012,"Apr., 2012",2012/04,11,Not Applicable,Not Applicable
Michigan,26,"Wayne County, MI",26163,2012,2012,"May, 2012",2012/05,16,Not Applicable,Not Applicable
Michigan,26,"Wayne County, MI",26163,2012,2012,"Sep., 2012",2012/09,14,Not Applicable,Not Applicable
Michigan,26,"Wayne County, MI",26163,2012,2012,"Nov., 2012",2012/11,10,Not Applicable,Not Applicable
Michigan,26,"Wayne County, MI",26163,2013,2013,"Jan., 2013",2013/01,11,Not Applicable,Not Applicable
Michigan,26,"Wayne County, MI",26163,2013,2013,"Feb., 2013",2013/02,21,Not Applicable,Not Applicable
Michigan,26,"Wayne County, MI",26163,2013,2013,"Mar., 2013",2013/03,18,Not Applicable,Not Applicable
Michigan,26,"Wayne County, MI",26163,2013,2013,"Jun., 2013",2013/06,16,Not Applicable,Not Applicable
Michigan,26,"Wayne County, MI",26163,2013,2013,"Jul., 2013",2013/07,13,Not Applicable,Not Applicable
Michigan,26,"Wayne County, MI",26163,2013,2013,"Aug., 2013",2013/08,14,Not Applicable,Not Applicable
Michigan,26,"Wayne County, MI",26163,2013,2013,"Nov., 2013",2013/11,13,Not Applicable,Not Applicable
Michigan,26,"Wayne County, MI",26163,2014,2014,"Feb., 2014",2014/02,12,Not Applicable,Not Applicable
Michigan,26,"Wayne County, MI",26163,2014,2014,"Apr., 2014",2014/04,12,Not Applicable,Not Applicable
Michigan,26,"Wayne County, MI",26163,2014,2014,"May, 2014",2014/05,10,Not Applicable,Not Applicable
Michigan,26,"Wayne County, MI",26163,2014,2014,"Sep., 2014",2014/09,15,Not Applicable,Not Applicable
Michigan,26,"Wayne County, MI",26163,2014,2014,"Dec., 2014",2014/12,11,Not Applicable,Not Applicable
Michigan,26,"Wayne County, MI",26163,2015,2015,"Feb., 2015",2015/02,11,Not Applicable,Not Applicable
Michigan,26,"Wayne County, MI",26163,2015,2015,"Mar., 2015",2015/03,12,Not Applicable,Not Applicable
Michigan,26,"Wayne County, MI",26163,2015,2015,"Apr., 2015",2015/04,14,Not Applicable,Not Applicable
Michigan,26,"Wayne County, MI",26163,2015,2015,"May, 2015",2015/05,19,Not Applicable,Not Applicable
Michigan,26,"Wayne County, MI",26163,2015,2015,"Jun., 2015",2015/06,16,Not Applicable,Not Applicable
Michigan,26,"Wayne County, MI",26163,2015,2015,"Aug., 2015",2015/08,14,Not Applicable,Not Applicable
Michigan,26,"Wayne County, MI",26163,2015,2015,"Sep., 2015",2015/09,13,Not Applicable,Not Applicable
Michigan,26,"Wayne County, MI",26163,2015,2015,"Oct., 2015",2015/10,13,Not Applicable,Not Applicable
Michigan,26,"Wayne County, MI",26163,2015,2015,"Nov., 2015",2015/11,12,Not Applicable,Not Applicable
Michigan,26,"Wayne County, MI",26163,2015,2015,"Dec., 2015",2015/12,12,Not Applicable,Not Applicable
Missouri,29,"Jefferson County, MO",29099,2012,2012,"Dec., 2012",2012/12,10,Not Applicable,Not Applicable
Missouri,29,"St. Louis County, MO",29189,2011,2011,"Feb., 2011",2011/02,10,Not Applicable,Not Applicable
Missouri,29,"St. Louis County, MO",29189,2011,2011,"Apr., 2011",2011/04,16,Not Applicable,Not Applicable
Missouri,29,"St. Louis County, MO",29189,2011,2011,"Jun., 2011",2011/06,10,Not Applicable,Not Applicable
Missouri,29,"St. Louis County, MO",29189,2011,2011,"Jul., 2011",2011/07,10,Not Applicable,Not Applicable
Missouri,29,"St. Louis County, MO",29189,2011,2011,"Nov., 2011",2011/11,10,Not Applicable,Not Applicable
Missouri,29,"St. Louis County, MO",29189,2012,2012,"Mar., 2012",2012/03,10,Not Applicable,Not Applicable
Missouri,29,"St. Louis County, MO",29189,2012,2012,"Oct., 2012",2012/10,10,Not Applicable,Not Applicable
Missouri,29,"St. Louis County, MO",29189,2013,2013,"May, 2013",2013/05,12,Not Applicable,Not Applicable
Missouri,29,"St. Louis County, MO",29189,2013,2013,"Jun., 2013",2013/06,12,Not Applicable,Not Applicable
Missouri,29,"St. Louis County, MO",29189,2013,2013,"Aug., 2013",2013/08,16,Not Applicable,Not Applicable
Missouri,29,"St. Louis County, MO",29189,2013,2013,"Dec., 2013",2013/12,14,Not Applicable,Not Applicable
Missouri,29,"St. Louis County, MO",29189,2014,2014,"Feb., 2014",2014/02,10,Not Applicable,Not Applicable
Missouri,29,"St. Louis County, MO",29189,2014,2014,"Mar., 2014",2014/03,16,Not Applicable,Not Applicable
Missouri,29,"St. Louis County, MO",29189,2014,2014,"Apr., 2014",2014/04,15,Not Applicable,Not Applicable
Missouri,29,"St. Louis County, MO",29189,2014,2014,"May, 2014",2014/05,12,Not Applicable,Not Applicable
Missouri,29,"St. Louis County, MO",29189,2014,2014,"Jul., 2014",2014/07,13,Not Applicable,Not Applicable
Missouri,29,"St. Louis County, MO",29189,2014,2014,"Aug., 2014",2014/08,17,Not Applicable,Not Applicable
Missouri,29,"St. Louis County, MO",29189,2014,2014,"Oct., 2014",2014/10,10,Not Applicable,Not Applicable
Missouri,29,"St. Louis County, MO",29189,2014,2014,"Nov., 2014",2014/11,11,Not Applicable,Not Applicable
Missouri,29,"St. Louis County, MO",29189,2014,2014,"Dec., 2014",2014/12,10,Not Applicable,Not Applicable
Missouri,29,"St. Louis County, MO",29189,2015,2015,"Feb., 2015",2015/02,14,Not Applicable,Not Applicable
Missouri,29,"St. Louis County, MO",29189,2015,2015,"Mar., 2015",2015/03,10,Not Applicable,Not Applicable
Missouri,29,"St. Louis County, MO",29189,2015,2015,"May, 2015",2015/05,12,Not Applicable,Not Applicable
Missouri,29,"St. Louis County, MO",29189,2015,2015,"Jun., 2015",2015/06,10,Not Applicable,Not Applicable
Missouri,29,"St. Louis County, MO",29189,2015,2015,"Aug., 2015",2015/08,11,Not Applicable,Not Applicable
Missouri,29,"St. Louis County, MO",29189,2015,2015,"Nov., 2015",2015/11,13,Not Applicable,Not Applicable
Missouri,29,"St. Louis city, MO",29510,2014,2014,"Jul., 2014",2014/07,10,Not Applicable,Not Applicable
Missouri,29,"St. Louis city, MO",29510,2014,2014,"Dec., 2014",2014/12,11,Not Applicable,Not Applicable
Missouri,29,"St. Louis city, MO",29510,2015,2015,"Jan., 2015",2015/01,10,Not Applicable,Not Applicable
Missouri,29,"St. Louis city, MO",29510,2015,2015,"Feb., 2015",2015/02,10,Not Applicable,Not Applicable
Missouri,29,"St. Louis city, MO",29510,2015,2015,"Aug., 2015",2015/08,11,Not Applicable,Not Applicable
Nevada,32,"Clark County, NV",32003,2010,2010,"Jan., 2010",2010/01,16,Not Applicable,Not Applicable
Nevada,32,"Clark County, NV",32003,2010,2010,"Feb., 2010",2010/02,27,Not Applicable,Not Applicable
Nevada,32,"Clark County, NV",32003,2010,2010,"Mar., 2010",2010/03,21,Not Applicable,Not Applicable
Nevada,32,"Clark County, NV",32003,2010,2010,"Apr., 2010",2010/04,24,Not Applicable,Not Applicable
Nevada,32,"Clark County, NV",32003,2010,2010,"May, 2010",2010/05,22,Not Applicable,Not Applicable
Nevada,32,"Clark County, NV",32003,2010,2010,"Jun., 2010",2010/06,19,Not Applicable,Not Applicable
Nevada,32,"Clark County, NV",32003,2010,2010,"Jul., 2010",2010/07,18,Not Applicable,Not Applicable
Nevada,32,"Clark County, NV",32003,2010,2010,"Aug., 2010",2010/08,20,Not Applicable,Not Applicable
Nevada,32,"Clark County, NV",32003,2010,2010,"Sep., 2010",2010/09,27,Not Applicable,Not Applicable
Nevada,32,"Clark County, NV",32003,2010,2010,"Oct., 2010",2010/10,17,Not Applicable,Not Applicable
Nevada,32,"Clark County, NV",32003,2010,2010,"Nov., 2010",2010/11,20,Not Applicable,Not Applicable
Nevada,32,"Clark County, NV",32003,2010,2010,"Dec., 2010",2010/12,18,Not Applicable,Not Applicable
Nevada,32,"Clark County, NV",32003,2011,2011,"Jan., 2011",2011/01,28,Not Applicable,Not Applicable
Nevada,32,"Clark County, NV",32003,2011,2011,"Feb., 2011",2011/02,16,Not Applicable,Not Applicable
Nevada,32,"Clark County, NV",32003,2011,2011,"Mar., 2011",2011/03,16,Not Applicable,Not Applicable
Nevada,32,"Clark County, NV",32003,2011,2011,"Apr., 2011",2011/04,31,Not Applicable,Not Applicable
Nevada,32,"Clark County, NV",32003,2011,2011,"May, 2011",2011/05,32,Not Applicable,Not Applicable
Nevada,32,"Clark County, NV",32003,2011,2011,"Jun., 2011",2011/06,20,Not Applicable,Not Applicable
Nevada,32,"Clark County, NV",32003,2011,2011,"Jul., 2011",2011/07,26,Not Applicable,Not Applicable
Nevada,32,"Clark County, NV",32003,2011,2011,"Aug., 2011",2011/08,11,Not Applicable,Not Applicable
Nevada,32,"Clark County, NV",32003,2011,2011,"Sep., 2011",2011/09,21,Not Applicable,Not Applicable
Nevada,32,"Clark County, NV",32003,2011,2011,"Oct., 2011",2011/10,12,Not Applicable,Not Applicable
Nevada,32,"Clark County, NV",32003,2011,2011,"Nov., 2011",2011/11,21,Not Applicable,Not Applicable
Nevada,32,"Clark County, NV",32003,2011,2011,"Dec., 2011",2011/12,20,Not Applicable,Not Applicable
Nevada,32,"Clark County, NV",32003,2012,2012,"Jan., 2012",2012/01,16,Not Applicable,Not Applicable
Nevada,32,"Clark County, NV",32003,2012,2012,"Feb., 2012",2012/02,16,Not Applicable,Not Applicable
Nevada,32,"Clark County, NV",32003,2012,2012,"Mar., 2012",2012/03,27,Not Applicable,Not Applicable
Nevada,32,"Clark County, NV",32003,2012,2012,"Apr., 2012",2012/04,23,Not Applicable,Not Applicable
Nevada,32,"Clark County, NV",32003,2012,2012,"May, 2012",2012/05,29,Not Applicable,Not Applicable
Nevada,32,"Clark County, NV",32003,2012,2012,"Jun., 2012",2012/06,11,Not Applicable,Not Applicable
Nevada,32,"Clark County, NV",32003,2012,2012,"Jul., 2012",2012/07,18,Not Applicable,Not Applicable
Nevada,32,"Clark County, NV",32003,2012,2012,"Aug., 2012",2012/08,23,Not Applicable,Not Applicable
Nevada,32,"Clark County, NV",32003,2012,2012,"Sep., 2012",2012/09,23,Not Applicable,Not Applicable
Nevada,32,"Clark County, NV",32003,2012,2012,"Oct., 2012",2012/10,23,Not Applicable,Not Applicable
Nevada,32,"Clark County, NV",32003,2012,2012,"Nov., 2012",2012/11,23,Not Applicable,Not Applicable
Nevada,32,"Clark County, NV",32003,2012,2012,"Dec., 2012",2012/12,26,Not Applicable,Not Applicable
Nevada,32,"Clark County, NV",32003,2013,2013,"Jan., 2013",2013/01,19,Not Applicable,Not Applicable
Nevada,32,"Clark County, NV",32003,2013,2013,"Feb., 2013",2013/02,19,Not Applicable,Not Applicable
Nevada,32,"Clark County, NV",32003,2013,2013,"Mar., 2013",2013/03,11,Not Applicable,Not Applicable
Nevada,32,"Clark County, NV",32003,2013,2013,"Apr., 2013",2013/04,20,Not Applicable,Not Applicable
Nevada,32,"Clark County, NV",32003,2013,2013,"May, 2013",2013/05,21,Not Applicable,Not Applicable
Nevada,32,"Clark County, NV",32003,2013,2013,"Jun., 2013",2013/06,21,Not Applicable,Not Applicable
Nevada,32,"Clark County, NV",32003,2013,2013,"Jul., 2013",2013/07,17,Not Applicable,Not Applicable
Nevada,32,"Clark County, NV",32003,2013,2013,"Aug., 2013",2013/08,20,Not Applicable,Not Applicable
Nevada,32,"Clark County, NV",32003,2013,2013,"Sep., 2013",2013/09,17,Not Applicable,Not Applicable
Nevada,32,"Clark County, NV",32003,2013,2013,"Dec., 2013",2013/12,14,Not Applicable,Not Applicable
Nevada,32,"Clark County, NV",32003,2014,2014,"Jan., 2014",2014/01,11,Not Applicable,Not Applicable
Nevada,32,"Clark County, NV",32003,2014,2014,"Feb., 2014",2014/02,21,Not Applicable,Not Applicable
Nevada,32,"Clark County, NV",32003,2014,2014,"Mar., 2014",2014/03,24,Not Applicable,Not Applicable
Nevada,32,"Clark County, NV",32003,2014,2014,"Apr., 2014",2014/04,18,Not Applicable,Not Applicable
Nevada,32,"Clark County, NV",32003,2014,2014,"May, 2014",2014/05,18,Not Applicable,Not Applicable
Nevada,32,"Clark County, NV",32003,2014,2014,"Jun., 2014",2014/06,10,Not Applicable,Not Applicable
Nevada,32,"Clark County, NV",32003,2014,2014,"Jul., 2014",2014/07,20,Not Applicable,Not Applicable
Nevada,32,"Clark County, NV",32003,2014,2014,"Aug., 2014",2014/08,11,Not Applicable,Not Applicable
Nevada,32,"Clark County, NV",32003,2014,2014,"Sep., 2014",2014/09,15,Not Applicable,Not Applicable
Nevada,32,"Clark County, NV",32003,2014,2014,"Oct., 2014",2014/10,13,Not Applicable,Not Applicable
Nevada,32,"Clark County, NV",32003,2014,2014,"Nov., 2014",2014/11,20,Not Applicable,Not Applicable
Nevada,32,"Clark County, NV",32003,2014,2014,"Dec., 2014",2014/12,13,Not Applicable,Not Applicable
Nevada,32,"Clark County, NV",32003,2015,2015,"Jan., 2015",2015/01,21,Not Applicable,Not Applicable
Nevada,32,"Clark County, NV",32003,2015,2015,"Feb., 2015",2015/02,11,Not Applicable,Not Applicable
Nevada,32,"Clark County, NV",32003,2015,2015,"Mar., 2015",2015/03,19,Not Applicable,Not Applicable
Nevada,32,"Clark County, NV",32003,2015,2015,"Apr., 2015",2015/04,19,Not Applicable,Not Applicable
Nevada,32,"Clark County, NV",32003,2015,2015,"May, 2015",2015/05,17,Not Applicable,Not Applicable
Nevada,32,"Clark County, NV",32003,2015,2015,"Jun., 2015",2015/06,23,Not Applicable,Not Applicable
Nevada,32,"Clark County, NV",32003,2015,2015,"Jul., 2015",2015/07,13,Not Applicable,Not Applicable
Nevada,32,"Clark County, NV",32003,2015,2015,"Aug., 2015",2015/08,25,Not Applicable,Not Applicable
Nevada,32,"Clark County, NV",32003,2015,2015,"Sep., 2015",2015/09,20,Not Applicable,Not Applicable
Nevada,32,"Clark County, NV",32003,2015,2015,"Oct., 2015",2015/10,14,Not Applicable,Not Applicable
Nevada,32,"Clark County, NV",32003,2015,2015,"Nov., 2015",2015/11,22,Not Applicable,Not Applicable
Nevada,32,"Clark County, NV",32003,2015,2015,"Dec., 2015",2015/12,21,Not Applicable,Not Applicable
New Mexico,35,"Bernalillo County, NM",35001,2012,2012,"Jan., 2012",2012/01,10,Not Applicable,Not Applicable
New Mexico,35,"Bernalillo County, NM",35001,2012,2012,"May, 2012",2012/05,10,Not Applicable,Not Applicable
New Mexico,35,"Bernalillo County, NM",35001,2012,2012,"Sep., 2012",2012/09,10,Not Applicable,Not Applicable
New Mexico,35,"Bernalillo County, NM",35001,2012,2012,"Nov., 2012",2012/11,10,Not Applicable,Not Applicable
New Mexico,35,"Bernalillo County, NM",35001,2012,2012,"Dec., 2012",2012/12,10,Not Applicable,Not Applicable
New Mexico,35,"Bernalillo County, NM",35001,2013,2013,"Jan., 2013",2013/01,10,Not Applicable,Not Applicable
New Mexico,35,"Bernalillo County, NM",35001,2013,2013,"Mar., 2013",2013/03,10,Not Applicable,Not Applicable
New Mexico,35,"Bernalillo County, NM",35001,2013,2013,"May, 2013",2013/05,10,Not Applicable,Not Applicable
New Mexico,35,"Bernalillo County, NM",35001,2013,2013,"Jun., 2013",2013/06,11,Not Applicable,Not Applicable
New Mexico,35,"Bernalillo County, NM",35001,2014,2014,"Mar., 2014",2014/03,10,Not Applicable,Not Applicable
New Mexico,35,"Bernalillo County, NM",35001,2015,2015,"Jan., 2015",2015/01,10,Not Applicable,Not Applicable
New Mexico,35,"Bernalillo County, NM",35001,2015,2015,"Jun., 2015",2015/06,11,Not Applicable,Not Applicable
New York,36,"Bronx County, NY",36005,2015,2015,"Jan., 2015",2015/01,11,Not Applicable,Not Applicable
New York,36,"Erie County, NY",36029,2015,2015,"Apr., 2015",2015/04,12,Not Applicable,Not Applicable
New York,36,"Erie County, NY",36029,2015,2015,"Jul., 2015",2015/07,13,Not Applicable,Not Applicable
New York,36,"Erie County, NY",36029,2015,2015,"Dec., 2015",2015/12,11,Not Applicable,Not Applicable
New York,36,"Kings County, NY",36047,2010,2010,"May, 2010",2010/05,11,Not Applicable,Not Applicable
New York,36,"Kings County, NY",36047,2013,2013,"May, 2013",2013/05,11,Not Applicable,Not Applicable
New York,36,"Kings County, NY",36047,2015,2015,"Aug., 2015",2015/08,11,Not Applicable,Not Applicable
New York,36,"Nassau County, NY",36059,2011,2011,"Apr., 2011",2011/04,11,Not Applicable,Not Applicable
New York,36,"Nassau County, NY",36059,2013,2013,"Oct., 2013",2013/10,10,Not Applicable,Not Applicable
New York,36,"Nassau County, NY",36059,2015,2015,"Jan., 2015",2015/01,11,Not Applicable,Not Applicable
New York,36,"Nassau County, NY",36059,2015,2015,"Jun., 2015",2015/06,15,Not Applicable,Not Applicable
New York,36,"New York County, NY",36061,2014,2014,"Apr., 2014",2014/04,10,Not Applicable,Not Applicable
New York,36,"Richmond County, NY",36085,2011,2011,"Mar., 2011",2011/03,12,Not Applicable,Not Applicable
New York,36,"Suffolk County, NY",36103,2010,2010,"May, 2010",2010/05,10,Not Applicable,Not Applicable
New York,36,"Suffolk County, NY",36103,2010,2010,"Jul., 2010",2010/07,12,Not Applicable,Not Applicable
New York,36,"Suffolk County, NY",36103,2010,2010,"Oct., 2010",2010/10,15,Not Applicable,Not Applicable
New York,36,"Suffolk County, NY",36103,2010,2010,"Nov., 2010",2010/11,10,Not Applicable,Not Applicable
New York,36,"Suffolk County, NY",36103,2010,2010,"Dec., 2010",2010/12,14,Not Applicable,Not Applicable
New York,36,"Suffolk County, NY",36103,2011,2011,"Jan., 2011",2011/01,23,Not Applicable,Not Applicable
New York,36,"Suffolk County, NY",36103,2011,2011,"Feb., 2011",2011/02,14,Not Applicable,Not Applicable
New York,36,"Suffolk County, NY",36103,2011,2011,"Apr., 2011",2011/04,15,Not Applicable,Not Applicable
New York,36,"Suffolk County, NY",36103,2011,2011,"May, 2011",2011/05,23,Not Applicable,Not Applicable
New York,36,"Suffolk County, NY",36103,2011,2011,"Oct., 2011",2011/10,14,Not Applicable,Not Applicable
New York,36,"Suffolk County, NY",36103,2011,2011,"Nov., 2011",2011/11,14,Not Applicable,Not Applicable
New York,36,"Suffolk County, NY",36103,2011,2011,"Dec., 2011",2011/12,13,Not Applicable,Not Applicable
New York,36,"Suffolk County, NY",36103,2012,2012,"Jun., 2012",2012/06,11,Not Applicable,Not Applicable
New York,36,"Suffolk County, NY",36103,2012,2012,"Jul., 2012",2012/07,12,Not Applicable,Not Applicable
New York,36,"Suffolk County, NY",36103,2012,2012,"Aug., 2012",2012/08,12,Not Applicable,Not Applicable
New York,36,"Suffolk County, NY",36103,2012,2012,"Nov., 2012",2012/11,11,Not Applicable,Not Applicable
New York,36,"Suffolk County, NY",36103,2013,2013,"Jan., 2013",2013/01,11,Not Applicable,Not Applicable
New York,36,"Suffolk County, NY",36103,2014,2014,"Mar., 2014",2014/03,12,Not Applicable,Not Applicable
New York,36,"Suffolk County, NY",36103,2014,2014,"Jul., 2014",2014/07,10,Not Applicable,Not Applicable
New York,36,"Suffolk County, NY",36103,2015,2015,"Aug., 2015",2015/08,15,Not Applicable,Not Applicable
Ohio,39,"Cuyahoga County, OH",39035,2010,2010,"Nov., 2010",2010/11,10,Not Applicable,Not Applicable
Ohio,39,"Cuyahoga County, OH",39035,2011,2011,"Jan., 2011",2011/01,12,Not Applicable,Not Applicable
Ohio,39,"Cuyahoga County, OH",39035,2011,2011,"Sep., 2011",2011/09,10,Not Applicable,Not Applicable
Ohio,39,"Cuyahoga County, OH",39035,2013,2013,"Jun., 2013",2013/06,10,Not Applicable,Not Applicable
Ohio,39,"Cuyahoga County, OH",39035,2013,2013,"Oct., 2013",2013/10,10,Not Applicable,Not Applicable
Ohio,39,"Franklin County, OH",39049,2010,2010,"Feb., 2010",2010/02,10,Not Applicable,Not Applicable
Ohio,39,"Franklin County, OH",39049,2010,2010,"Apr., 2010",2010/04,15,Not Applicable,Not Applicable
Ohio,39,"Franklin County, OH",39049,2010,2010,"Nov., 2010",2010/11,11,Not Applicable,Not Applicable
Ohio,39,"Franklin County, OH",39049,2010,2010,"Dec., 2010",2010/12,16,Not Applicable,Not Applicable
Ohio,39,"Franklin County, OH",39049,2011,2011,"Feb., 2011",2011/02,17,Not Applicable,Not Applicable
Ohio,39,"Franklin County, OH",39049,2011,2011,"Mar., 2011",2011/03,15,Not Applicable,Not Applicable
Ohio,39,"Franklin County, OH",39049,2011,2011,"May, 2011",2011/05,12,Not Applicable,Not Applicable
Ohio,39,"Franklin County, OH",39049,2011,2011,"Sep., 2011",2011/09,14,Not Applicable,Not Applicable
Ohio,39,"Franklin County, OH",39049,2012,2012,"Mar., 2012",2012/03,11,Not Applicable,Not Applicable
Ohio,39,"Franklin County, OH",39049,2012,2012,"Aug., 2012",2012/08,11,Not Applicable,Not Applicable
Ohio,39,"Franklin County, OH",39049,2012,2012,"Dec., 2012",2012/12,12,Not Applicable,Not Applicable
Ohio,39,"Franklin County, OH",39049,2014,2014,"Aug., 2014",2014/08,12,Not Applicable,Not Applicable
Ohio,39,"Franklin County, OH",39049,2015,2015,"Apr., 2015",2015/04,10,Not Applicable,Not Applicable
Ohio,39,"Franklin County, OH",39049,2015,2015,"Sep., 2015",2015/09,13,Not Applicable,Not Applicable
Ohio,39,"Hamilton County, OH",39061,2011,2011,"Feb., 2011",2011/02,11,Not Applicable,Not Applicable
Ohio,39,"Hamilton County, OH",39061,2013,2013,"Mar., 2013",2013/03,11,Not Applicable,Not Applicable
Ohio,39,"Hamilton County, OH",39061,2014,2014,"Mar., 2014",2014/03,11,Not Applicable,Not Applicable
Ohio,39,"Hamilton County, OH",39061,2014,2014,"Jul., 2014",2014/07,10,Not Applicable,Not Applicable
Ohio,39,"Hamilton County, OH",39061,2014,2014,"Aug., 2014",2014/08,11,Not Applicable,Not Applicable
Ohio,39,"Hamilton County, OH",39061,2015,2015,"Jan., 2015",2015/01,11,Not Applicable,Not Applicable
Ohio,39,"Hamilton County, OH",39061,2015,2015,"Jul., 2015",2015/07,10,Not Applicable,Not Applicable
Ohio,39,"Hamilton County, OH",39061,2015,2015,"Aug., 2015",2015/08,10,Not Applicable,Not Applicable
Ohio,39,"Hamilton County, OH",39061,2015,2015,"Oct., 2015",2015/10,12,Not Applicable,Not Applicable
Ohio,39,"Lucas County, OH",39095,2014,2014,"May, 2014",2014/05,10,Not Applicable,Not Applicable
Ohio,39,"Montgomery County, OH",39113,2015,2015,"Jul., 2015",2015/07,12,Not Applicable,Not Applicable
Ohio,39,"Summit County, OH",39153,2013,2013,"Dec., 2013",2013/12,11,Not Applicable,Not Applicable
Ohio,39,"Summit County, OH",39153,2014,2014,"Nov., 2014",2014/11,14,Not Applicable,Not Applicable
Ohio,39,"Summit County, OH",39153,2015,2015,"Apr., 2015",2015/04,13,Not Applicable,Not Applicable
Ohio,39,"Summit County, OH",39153,2015,2015,"Jul., 2015",2015/07,15,Not Applicable,Not Applicable
Oklahoma,40,"Oklahoma County, OK",40109,2011,2011,"Sep., 2011",2011/09,10,Not Applicable,Not Applicable
Oklahoma,40,"Oklahoma County, OK",40109,2012,2012,"May, 2012",2012/05,11,Not Applicable,Not Applicable
Oklahoma,40,"Oklahoma County, OK",40109,2012,2012,"Aug., 2012",2012/08,11,Not Applicable,Not Applicable
Oklahoma,40,"Oklahoma County, OK",40109,2012,2012,"Nov., 2012",2012/11,10,Not Applicable,Not Applicable
Oklahoma,40,"Oklahoma County, OK",40109,2013,2013,"Feb., 2013",2013/02,10,Not Applicable,Not Applicable
Oklahoma,40,"Oklahoma County, OK",40109,2013,2013,"Sep., 2013",2013/09,11,Not Applicable,Not Applicable
Oklahoma,40,"Oklahoma County, OK",40109,2013,2013,"Dec., 2013",2013/12,12,Not Applicable,Not Applicable
Oregon,41,"Multnomah County, OR",41051,2010,2010,"Jun., 2010",2010/06,11,Not Applicable,Not Applicable
Oregon,41,"Multnomah County, OR",41051,2010,2010,"Aug., 2010",2010/08,10,Not Applicable,Not Applicable
Oregon,41,"Multnomah County, OR",41051,2011,2011,"Feb., 2011",2011/02,11,Not Applicable,Not Applicable
Oregon,41,"Multnomah County, OR",41051,2011,2011,"May, 2011",2011/05,15,Not Applicable,Not Applicable
Oregon,41,"Multnomah County, OR",41051,2011,2011,"Jun., 2011",2011/06,16,Not Applicable,Not Applicable
Oregon,41,"Multnomah County, OR",41051,2011,2011,"Jul., 2011",2011/07,10,Not Applicable,Not Applicable
Oregon,41,"Multnomah County, OR",41051,2011,2011,"Aug., 2011",2011/08,14,Not Applicable,Not Applicable
Oregon,41,"Multnomah County, OR",41051,2012,2012,"Jul., 2012",2012/07,10,Not Applicable,Not Applicable
Oregon,41,"Multnomah County, OR",41051,2012,2012,"Nov., 2012",2012/11,10,Not Applicable,Not Applicable
Oregon,41,"Multnomah County, OR",41051,2013,2013,"Mar., 2013",2013/03,11,Not Applicable,Not Applicable
Oregon,41,"Multnomah County, OR",41051,2013,2013,"Apr., 2013",2013/04,10,Not Applicable,Not Applicable
Oregon,41,"Multnomah County, OR",41051,2013,2013,"Jul., 2013",2013/07,10,Not Applicable,Not Applicable
Oregon,41,"Multnomah County, OR",41051,2013,2013,"Nov., 2013",2013/11,11,Not Applicable,Not Applicable
Oregon,41,"Multnomah County, OR",41051,2014,2014,"May, 2014",2014/05,14,Not Applicable,Not Applicable
Oregon,41,"Multnomah County, OR",41051,2015,2015,"Nov., 2015",2015/11,10,Not Applicable,Not Applicable
Pennsylvania,42,"Allegheny County, PA",42003,2010,2010,"Mar., 2010",2010/03,13,Not Applicable,Not Applicable
Pennsylvania,42,"Allegheny County, PA",42003,2010,2010,"Apr., 2010",2010/04,10,Not Applicable,Not Applicable
Pennsylvania,42,"Allegheny County, PA",42003,2010,2010,"Sep., 2010",2010/09,12,Not Applicable,Not Applicable
Pennsylvania,42,"Allegheny County, PA",42003,2011,2011,"May, 2011",2011/05,17,Not Applicable,Not Applicable
Pennsylvania,42,"Allegheny County, PA",42003,2011,2011,"Jun., 2011",2011/06,12,Not Applicable,Not Applicable
Pennsylvania,42,"Allegheny County, PA",42003,2011,2011,"Sep., 2011",2011/09,10,Not Applicable,Not Applicable
Pennsylvania,42,"Allegheny County, PA",42003,2011,2011,"Oct., 2011",2011/10,15,Not Applicable,Not Applicable
Pennsylvania,42,"Allegheny County, PA",42003,2012,2012,"Jan., 2012",2012/01,10,Not Applicable,Not Applicable
Pennsylvania,42,"Allegheny County, PA",42003,2012,2012,"Feb., 2012",2012/02,14,Not Applicable,Not Applicable
Pennsylvania,42,"Allegheny County, PA",42003,2012,2012,"Sep., 2012",2012/09,12,Not Applicable,Not Applicable
Pennsylvania,42,"Allegheny County, PA",42003,2014,2014,"Jan., 2014",2014/01,13,Not Applicable,Not Applicable
Pennsylvania,42,"Allegheny County, PA",42003,2014,2014,"Mar., 2014",2014/03,10,Not Applicable,Not Applicable
Pennsylvania,42,"Allegheny County, PA",42003,2014,2014,"Oct., 2014",2014/10,12,Not Applicable,Not Applicable
Pennsylvania,42,"Allegheny County, PA",42003,2015,2015,"Mar., 2015",2015/03,12,Not Applicable,Not Applicable
Pennsylvania,42,"Allegheny County, PA",42003,2015,2015,"Apr., 2015",2015/04,14,Not Applicable,Not Applicable
Pennsylvania,42,"Allegheny County, PA",42003,2015,2015,"May, 2015",2015/05,11,Not Applicable,Not Applicable
Pennsylvania,42,"Allegheny County, PA",42003,2015,2015,"Aug., 2015",2015/08,15,Not Applicable,Not Applicable
Pennsylvania,42,"Allegheny County, PA",42003,2015,2015,"Nov., 2015",2015/11,11,Not Applicable,Not Applicable
Pennsylvania,42,"Allegheny County, PA",42003,2015,2015,"Dec., 2015",2015/12,10,Not Applicable,Not Applicable
Rhode Island,44,"Providence County, RI",44007,2015,2015,"Jan., 2015",2015/01,10,Not Applicable,Not Applicable
Rhode Island,44,"Providence County, RI",44007,2015,2015,"Jul., 2015",2015/07,11,Not Applicable,Not Applicable
South Carolina,45,"Greenville County, SC",45045,2015,2015,"Mar., 2015",2015/03,10,Not Applicable,Not Applicable
South Carolina,45,"Greenville County, SC",45045,2015,2015,"Aug., 2015",2015/08,11,Not Applicable,Not Applicable
Tennessee,47,"Davidson County, TN",47037,2010,2010,"Nov., 2010",2010/11,10,Not Applicable,Not Applicable
Tennessee,47,"Davidson County, TN",47037,2011,2011,"Jan., 2011",2011/01,10,Not Applicable,Not Applicable
Tennessee,47,"Davidson County, TN",47037,2014,2014,"Feb., 2014",2014/02,10,Not Applicable,Not Applicable
Tennessee,47,"Davidson County, TN",47037,2015,2015,"Jun., 2015",2015/06,14,Not Applicable,Not Applicable
Tennessee,47,"Knox County, TN",47093,2010,2010,"Feb., 2010",2010/02,14,Not Applicable,Not Applicable
Tennessee,47,"Knox County, TN",47093,2015,2015,"May, 2015",2015/05,12,Not Applicable,Not Applicable
Tennessee,47,"Knox County, TN",47093,2015,2015,"Aug., 2015",2015/08,10,Not Applicable,Not Applicable
Tennessee,47,"Knox County, TN",47093,2015,2015,"Sep., 2015",2015/09,13,Not Applicable,Not Applicable
Tennessee,47,"Shelby County, TN",47157,2013,2013,"Jul., 2013",2013/07,10,Not Applicable,Not Applicable
Tennessee,47,"Shelby County, TN",47157,2014,2014,"Jun., 2014",2014/06,10,Not Applicable,Not Applicable
Tennessee,47,"Shelby County, TN",47157,2014,2014,"Jul., 2014",2014/07,10,Not Applicable,Not Applicable
Tennessee,47,"Shelby County, TN",47157,2014,2014,"Sep., 2014",2014/09,12,Not Applicable,Not Applicable
Tennessee,47,"Shelby County, TN",47157,2014,2014,"Dec., 2014",2014/12,10,Not Applicable,Not Applicable
Tennessee,47,"Shelby County, TN",47157,2015,2015,"Apr., 2015",2015/04,10,Not Applicable,Not Applicable
Tennessee,47,"Shelby County, TN",47157,2015,2015,"Oct., 2015",2015/10,11,Not Applicable,Not Applicable
Texas,48,"Dallas County, TX",48113,2015,2015,"Sep., 2015",2015/09,10,Not Applicable,Not Applicable
Texas,48,"Harris County, TX",48201,2010,2010,"Jan., 2010",2010/01,14,Not Applicable,Not Applicable
Texas,48,"Harris County, TX",48201,2010,2010,"Feb., 2010",2010/02,23,Not Applicable,Not Applicable
Texas,48,"Harris County, TX",48201,2010,2010,"Mar., 2010",2010/03,10,Not Applicable,Not Applicable
Texas,48,"Harris County, TX",48201,2010,2010,"Apr., 2010",2010/04,18,Not Applicable,Not Applicable
Texas,48,"Harris County, TX",48201,2010,2010,"May, 2010",2010/05,13,Not Applicable,Not Applicable
Texas,48,"Harris County, TX",48201,2010,2010,"Jun., 2010",2010/06,10,Not Applicable,Not Applicable
Texas,48,"Harris County, TX",48201,2010,2010,"Jul., 2010",2010/07,20,Not Applicable,Not Applicable
Texas,48,"Harris County, TX",48201,2010,2010,"Aug., 2010",2010/08,14,Not Applicable,Not Applicable
Texas,48,"Harris County, TX",48201,2010,2010,"Sep., 2010",2010/09,17,Not Applicable,Not Applicable
Texas,48,"Harris County, TX",48201,2010,2010,"Nov., 2010",2010/11,18,Not Applicable,Not Applicable
Texas,48,"Harris County, TX",48201,2010,2010,"Dec., 2010",2010/12,24,Not Applicable,Not Applicable
Texas,48,"Harris County, TX",48201,2011,2011,"Jan., 2011",2011/01,12,Not Applicable,Not Applicable
Texas,48,"Harris County, TX",48201,2011,2011,"Feb., 2011",2011/02,15,Not Applicable,Not Applicable
Texas,48,"Harris County, TX",48201,2011,2011,"Mar., 2011",2011/03,15,Not Applicable,Not Applicable
Texas,48,"Harris County, TX",48201,2011,2011,"Apr., 2011",2011/04,16,Not Applicable,Not Applicable
Texas,48,"Harris County, TX",48201,2011,2011,"May, 2011",2011/05,19,Not Applicable,Not Applicable
Texas,48,"Harris County, TX",48201,2011,2011,"Jun., 2011",2011/06,14,Not Applicable,Not Applicable
Texas,48,"Harris County, TX",48201,2011,2011,"Jul., 2011",2011/07,12,Not Applicable,Not Applicable
Texas,48,"Harris County, TX",48201,2011,2011,"Aug., 2011",2011/08,14,Not Applicable,Not Applicable
Texas,48,"Harris County, TX",48201,2011,2011,"Oct., 2011",2011/10,18,Not Applicable,Not Applicable
Texas,48,"Harris County, TX",48201,2011,2011,"Nov., 2011",2011/11,15,Not Applicable,Not Applicable
Texas,48,"Harris County, TX",48201,2011,2011,"Dec., 2011",2011/12,13,Not Applicable,Not Applicable
Texas,48,"Harris County, TX",48201,2012,2012,"Jan., 2012",2012/01,10,Not Applicable,Not Applicable
Texas,48,"Harris County, TX",48201,2012,2012,"Feb., 2012",2012/02,11,Not Applicable,Not Applicable
Texas,48,"Harris County, TX",48201,2012,2012,"Mar., 2012",2012/03,11,Not Applicable,Not Applicable
Texas,48,"Harris County, TX",48201,2012,2012,"Apr., 2012",2012/04,14,Not Applicable,Not Applicable
Texas,48,"Harris County, TX",48201,2012,2012,"May, 2012",2012/05,14,Not Applicable,Not Applicable
Texas,48,"Harris County, TX",48201,2012,2012,"Jun., 2012",2012/06,17,Not Applicable,Not Applicable
Texas,48,"Harris County, TX",48201,2012,2012,"Aug., 2012",2012/08,14,Not Applicable,Not Applicable
Texas,48,"Harris County, TX",48201,2012,2012,"Sep., 2012",2012/09,10,Not Applicable,Not Applicable
Texas,48,"Harris County, TX",48201,2012,2012,"Nov., 2012",2012/11,12,Not Applicable,Not Applicable
Texas,48,"Harris County, TX",48201,2012,2012,"Dec., 2012",2012/12,10,Not Applicable,Not Applicable
Texas,48,"Harris County, TX",48201,2013,2013,"Jan., 2013",2013/01,16,Not Applicable,Not Applicable
Texas,48,"Harris County, TX",48201,2013,2013,"Feb., 2013",2013/02,16,Not Applicable,Not Applicable
Texas,48,"Harris County, TX",48201,2013,2013,"Mar., 2013",2013/03,11,Not Applicable,Not Applicable
Texas,48,"Harris County, TX",48201,2013,2013,"Apr., 2013",2013/04,16,Not Applicable,Not Applicable
Texas,48,"Harris County, TX",48201,2013,2013,"May, 2013",2013/05,14,Not Applicable,Not Applicable
Texas,48,"Harris County, TX",48201,2013,2013,"Aug., 2013",2013/08,14,Not Applicable,Not Applicable
Texas,48,"Harris County, TX",48201,2013,2013,"Oct., 2013",2013/10,10,Not Applicable,Not Applicable
Texas,48,"Harris County, TX",48201,2013,2013,"Nov., 2013",2013/11,17,Not Applicable,Not Applicable
Texas,48,"Harris County, TX",48201,2013,2013,"Dec., 2013",2013/12,18,Not Applicable,Not Applicable
Texas,48,"Harris County, TX",48201,2014,2014,"Jan., 2014",2014/01,16,Not Applicable,Not Applicable
Texas,48,"Harris County, TX",48201,2014,2014,"Feb., 2014",2014/02,12,Not Applicable,Not Applicable
Texas,48,"Harris County, TX",48201,2014,2014,"Mar., 2014",2014/03,14,Not Applicable,Not Applicable
Texas,48,"Harris County, TX",48201,2014,2014,"Jun., 2014",2014/06,16,Not Applicable,Not Applicable
Texas,48,"Harris County, TX",48201,2014,2014,"Jul., 2014",2014/07,11,Not Applicable,Not Applicable
Texas,48,"Harris County, TX",48201,2014,2014,"Aug., 2014",2014/08,13,Not Applicable,Not Applicable
Texas,48,"Harris County, TX",48201,2014,2014,"Sep., 2014",2014/09,14,Not Applicable,Not Applicable
Texas,48,"Harris County, TX",48201,2014,2014,"Oct., 2014",2014/10,10,Not Applicable,Not Applicable
Texas,48,"Harris County, TX",48201,2014,2014,"Nov., 2014",2014/11,23,Not Applicable,Not Applicable
Texas,48,"Harris County, TX",48201,2014,2014,"Dec., 2014",2014/12,13,Not Applicable,Not Applicable
Texas,48,"Harris County, TX",48201,2015,2015,"Jan., 2015",2015/01,14,Not Applicable,Not Applicable
Texas,48,"Harris County, TX",48201,2015,2015,"Mar., 2015",2015/03,14,Not Applicable,Not Applicable
Texas,48,"Harris County, TX",48201,2015,2015,"May, 2015",2015/05,15,Not Applicable,Not Applicable
Texas,48,"Harris County, TX",48201,2015,2015,"Jun., 2015",2015/06,12,Not Applicable,Not Applicable
Texas,48,"Harris County, TX",48201,2015,2015,"Aug., 2015",2015/08,15,Not Applicable,Not Applicable
Texas,48,"Harris County, TX",48201,2015,2015,"Sep., 2015",2015/09,13,Not Applicable,Not Applicable
Texas,48,"Harris County, TX",48201,2015,2015,"Oct., 2015",2015/10,14,Not Applicable,Not Applicable
Texas,48,"Harris County, TX",48201,2015,2015,"Nov., 2015",2015/11,13,Not Applicable,Not Applicable
Texas,48,"Harris County, TX",48201,2015,2015,"Dec., 2015",2015/12,12,Not Applicable,Not Applicable
Utah,49,"Salt Lake County, UT",49035,2010,2010,"Jun., 2010",2010/06,10,Not Applicable,Not Applicable
Utah,49,"Salt Lake County, UT",49035,2010,2010,"Jul., 2010",2010/07,10,Not Applicable,Not Applicable
Utah,49,"Salt Lake County, UT",49035,2010,2010,"Sep., 2010",2010/09,10,Not Applicable,Not Applicable
Utah,49,"Salt Lake County, UT",49035,2010,2010,"Oct., 2010",2010/10,14,Not Applicable,Not Applicable
Utah,49,"Salt Lake County, UT",49035,2010,2010,"Dec., 2010",2010/12,10,Not Applicable,Not Applicable
Utah,49,"Salt Lake County, UT",49035,2011,2011,"Jan., 2011",2011/01,14,Not Applicable,Not Applicable
Utah,49,"Salt Lake County, UT",49035,2011,2011,"Feb., 2011",2011/02,13,Not Applicable,Not Applicable
Utah,49,"Salt Lake County, UT",49035,2011,2011,"Mar., 2011",2011/03,11,Not Applicable,Not Applicable
Utah,49,"Salt Lake County, UT",49035,2011,2011,"Jul., 2011",2011/07,13,Not Applicable,Not Applicable
Utah,49,"Salt Lake County, UT",49035,2011,2011,"Oct., 2011",2011/10,13,Not Applicable,Not Applicable
Utah,49,"Salt Lake County, UT",49035,2011,2011,"Dec., 2011",2011/12,11,Not Applicable,Not Applicable
Utah,49,"Salt Lake County, UT",49035,2012,2012,"Jan., 2012",2012/01,15,Not Applicable,Not Applicable
Utah,49,"Salt Lake County, UT",49035,2012,2012,"Mar., 2012",2012/03,20,Not Applicable,Not Applicable
Utah,49,"Salt Lake County, UT",49035,2012,2012,"Jun., 2012",2012/06,16,Not Applicable,Not Applicable
Utah,49,"Salt Lake County, UT",49035,2012,2012,"Jul., 2012",2012/07,13,Not Applicable,Not Applicable
Utah,49,"Salt Lake County, UT",49035,2012,2012,"Sep., 2012",2012/09,13,Not Applicable,Not Applicable
Utah,49,"Salt Lake County, UT",49035,2012,2012,"Oct., 2012",2012/10,10,Not Applicable,Not Applicable
Utah,49,"Salt Lake County, UT",49035,2012,2012,"Nov., 2012",2012/11,13,Not Applicable,Not Applicable
Utah,49,"Salt Lake County, UT",49035,2012,2012,"Dec., 2012",2012/12,15,Not Applicable,Not Applicable
Utah,49,"Salt Lake County, UT",49035,2013,2013,"Jan., 2013",2013/01,18,Not Applicable,Not Applicable
Utah,49,"Salt Lake County, UT",49035,2013,2013,"Feb., 2013",2013/02,13,Not Applicable,Not Applicable
Utah,49,"Salt Lake County, UT",49035,2013,2013,"Mar., 2013",2013/03,14,Not Applicable,Not Applicable
Utah,49,"Salt Lake County, UT",49035,2013,2013,"Apr., 2013",2013/04,18,Not Applicable,Not Applicable
Utah,49,"Salt Lake County, UT",49035,2013,2013,"May, 2013",2013/05,12,Not Applicable,Not Applicable
Utah,49,"Salt Lake County, UT",49035,2013,2013,"Jun., 2013",2013/06,17,Not Applicable,Not Applicable
Utah,49,"Salt Lake County, UT",49035,2013,2013,"Jul., 2013",2013/07,19,Not Applicable,Not Applicable
Utah,49,"Salt Lake County, UT",49035,2013,2013,"Aug., 2013",2013/08,15,Not Applicable,Not Applicable
Utah,49,"Salt Lake County, UT",49035,2013,2013,"Sep., 2013",2013/09,11,Not Applicable,Not Applicable
Utah,49,"Salt Lake County, UT",49035,2013,2013,"Oct., 2013",2013/10,14,Not Applicable,Not Applicable
Utah,49,"Salt Lake County, UT",49035,2013,2013,"Nov., 2013",2013/11,13,Not Applicable,Not Applicable
Utah,49,"Salt Lake County, UT",49035,2014,2014,"Jan., 2014",2014/01,13,Not Applicable,Not Applicable
Utah,49,"Salt Lake County, UT",49035,2014,2014,"Feb., 2014",2014/02,12,Not Applicable,Not Applicable
Utah,49,"Salt Lake County, UT",49035,2014,2014,"Mar., 2014",2014/03,11,Not Applicable,Not Applicable
Utah,49,"Salt Lake County, UT",49035,2014,2014,"Apr., 2014",2014/04,19,Not Applicable,Not Applicable
Utah,49,"Salt Lake County, UT",49035,2014,2014,"May, 2014",2014/05,17,Not Applicable,Not Applicable
Utah,49,"Salt Lake County, UT",49035,2014,2014,"Jun., 2014",2014/06,16,Not Applicable,Not Applicable
Utah,49,"Salt Lake County, UT",49035,2014,2014,"Jul., 2014",2014/07,17,Not Applicable,Not Applicable
Utah,49,"Salt Lake County, UT",49035,2014,2014,"Aug., 2014",2014/08,14,Not Applicable,Not Applicable
Utah,49,"Salt Lake County, UT",49035,2014,2014,"Sep., 2014",2014/09,14,Not Applicable,Not Applicable
Utah,49,"Salt Lake County, UT",49035,2014,2014,"Oct., 2014",2014/10,10,Not Applicable,Not Applicable
Utah,49,"Salt Lake County, UT",49035,2014,2014,"Nov., 2014",2014/11,16,Not Applicable,Not Applicable
Utah,49,"Salt Lake County, UT",49035,2014,2014,"Dec., 2014",2014/12,18,Not Applicable,Not Applicable
Utah,49,"Salt Lake County, UT",49035,2015,2015,"Jan., 2015",2015/01,12,Not Applicable,Not Applicable
Utah,49,"Salt Lake County, UT",49035,2015,2015,"Mar., 2015",2015/03,18,Not Applicable,Not Applicable
Utah,49,"Salt Lake County, UT",49035,2015,2015,"Apr., 2015",2015/04,10,Not Applicable,Not Applicable
Utah,49,"Salt Lake County, UT",49035,2015,2015,"May, 2015",2015/05,13,Not Applicable,Not Applicable
Utah,49,"Salt Lake County, UT",49035,2015,2015,"Jun., 2015",2015/06,20,Not Applicable,Not Applicable
Utah,49,"Salt Lake County, UT",49035,2015,2015,"Jul., 2015",2015/07,12,Not Applicable,Not Applicable
Utah,49,"Salt Lake County, UT",49035,2015,2015,"Aug., 2015",2015/08,12,Not Applicable,Not Applicable
Utah,49,"Salt Lake County, UT",49035,2015,2015,"Sep., 2015",2015/09,13,Not Applicable,Not Applicable
Utah,49,"Salt Lake County, UT",49035,2015,2015,"Oct., 2015",2015/10,15,Not Applicable,Not Applicable
Utah,49,"Salt Lake County, UT",49035,2015,2015,"Nov., 2015",2015/11,14,Not Applicable,Not Applicable
Utah,49,"Salt Lake County, UT",49035,2015,2015,"Dec., 2015",2015/12,14,Not Applicable,Not Applicable
Utah,49,"Utah County, UT",49049,2011,2011,"Aug., 2011",2011/08,11,Not Applicable,Not Applicable
Utah,49,"Utah County, UT",49049,2014,2014,"Feb., 2014",2014/02,10,Not Applicable,Not Applicable
Washington,53,"King County, WA",53033,2010,2010,"Dec., 2010",2010/12,11,Not Applicable,Not Applicable
Washington,53,"King County, WA",53033,2013,2013,"Feb., 2013",2013/02,10,Not Applicable,Not Applicable
Washington,53,"King County, WA",53033,2015,2015,"May, 2015",2015/05,12,Not Applicable,Not Applicable
Washington,53,"King County, WA",53033,2015,2015,"Oct., 2015",2015/10,11,Not Applicable,Not Applicable
Washington,53,"Pierce County, WA",53053,2011,2011,"Nov., 2011",2011/11,11,Not Applicable,Not Applicable
Washington,53,"Pierce County, WA",53053,2014,2014,"Feb., 2014",2014/02,12,Not Applicable,Not Applicable
Washington,53,"Pierce County, WA",53053,2015,2015,"Nov., 2015",2015/11,12,Not Applicable,Not Applicable
Washington,53,"Snohomish County, WA",53061,2011,2011,"Apr., 2011",2011/04,11,Not Applicable,Not Applicable
Washington,53,"Snohomish County, WA",53061,2011,2011,"Aug., 2011",2011/08,11,Not Applicable,Not Applicable
Washington,53,"Snohomish County, WA",53061,2015,2015,"May, 2015",2015/05,10,Not Applicable,Not Applicable
Washington,53,"Spokane County, WA",53063,2011,2011,"Apr., 2011",2011/04,10,Not Applicable,Not Applicable
West Virginia,54,"Kanawha County, WV",54039,2015,2015,"Apr., 2015",2015/04,11,Not Applicable,Not Applicable
West Virginia,54,"Kanawha County, WV",54039,2015,2015,"Oct., 2015",2015/10,13,Not Applicable,Not Applicable
Wisconsin,55,"Milwaukee County, WI",55079,2010,2010,"Feb., 2010",2010/02,14,Not Applicable,Not Applicable
Wisconsin,55,"Milwaukee County, WI",55079,2010,2010,"Sep., 2010",2010/09,10,Not Applicable,Not Applicable
Wisconsin,55,"Milwaukee County, WI",55079,2011,2011,"Apr., 2011",2011/04,13,Not Applicable,Not Applicable
Wisconsin,55,"Milwaukee County, WI",55079,2011,2011,"May, 2011",2011/05,10,Not Applicable,Not Applicable
Wisconsin,55,"Milwaukee County, WI",55079,2011,2011,"Aug., 2011",2011/08,10,Not Applicable,Not Applicable
Wisconsin,55,"Milwaukee County, WI",55079,2012,2012,"May, 2012",2012/05,11,Not Applicable,Not Applicable
Wisconsin,55,"Milwaukee County, WI",55079,2012,2012,"Jun., 2012",2012/06,10,Not Applicable,Not Applicable
Wisconsin,55,"Milwaukee County, WI",55079,2012,2012,"Sep., 2012",2012/09,10,Not Applicable,Not Applicable
Wisconsin,55,"Milwaukee County, WI",55079,2012,2012,"Dec., 2012",2012/12,11,Not Applicable,Not Applicable
Wisconsin,55,"Milwaukee County, WI",55079,2013,2013,"Jan., 2013",2013/01,13,Not Applicable,Not Applicable
Wisconsin,55,"Milwaukee County, WI",55079,2013,2013,"Mar., 2013",2013/03,13,Not Applicable,Not Applicable
Wisconsin,55,"Milwaukee County, WI",55079,2013,2013,"Apr., 2013",2013/04,14,Not Applicable,Not Applicable
Wisconsin,55,"Milwaukee County, WI",55079,2013,2013,"Aug., 2013",2013/08,12,Not Applicable,Not Applicable
Wisconsin,55,"Milwaukee County, WI",55079,2013,2013,"Dec., 2013",2013/12,13,Not Applicable,Not Applicable
Wisconsin,55,"Milwaukee County, WI",55079,2014,2014,"Feb., 2014",2014/02,15,Not Applicable,Not Applicable
Wisconsin,55,"Milwaukee County, WI",55079,2014,2014,"Mar., 2014",2014/03,10,Not Applicable,Not Applicable
Wisconsin,55,"Milwaukee County, WI",55079,2014,2014,"Apr., 2014",2014/04,13,Not Applicable,Not Applicable
Wisconsin,55,"Milwaukee County, WI",55079,2014,2014,"Jun., 2014",2014/06,13,Not Applicable,Not Applicable
Wisconsin,55,"Milwaukee County, WI",55079,2014,2014,"Oct., 2014",2014/10,15,Not Applicable,Not Applicable
Wisconsin,55,"Milwaukee County, WI",55079,2014,2014,"Nov., 2014",2014/11,16,Not Applicable,Not Applicable
Wisconsin,55,"Milwaukee County, WI",55079,2015,2015,"Jan., 2015",2015/01,11,Not Applicable,Not Applicable
Wisconsin,55,"Milwaukee County, WI",55079,2015,2015,"Apr., 2015",2015/04,10,Not Applicable,Not Applicable
Wisconsin,55,"Milwaukee County, WI",55079,2015,2015,"May, 2015",2015/05,15,Not Applicable,Not Applicable
Wisconsin,55,"Milwaukee County, WI",55079,2015,2015,"Aug., 2015",2015/08,11,Not Applicable,Not Applicable
Wisconsin,55,"Milwaukee County, WI",55079,2015,2015,"Nov., 2015",2015/11,11,Not Applicable,Not Applicable
Wisconsin,55,"Milwaukee County, WI",55079,2015,2015,"Dec., 2015",2015/12,11,Not Applicable,Not Applicable