,State,Quarter,product_name,DOSAGEFORMNAME,LABELERNAME,ROUTENAME,DEASCHEDULE,med_amt_reimb_sum,nonmed_amt_reimb_sum,num_rx_sum,total_amt_reimb_sum,units_reimb_sum
0,AK,1,BUTRANS,"PATCH, EXTENDED RELEASE",Purdue Pharma LP,TRANSDERMAL,CIII,81039.99,1063.18,183.0,82103.17,722.0
1,AK,1,DILAUDID,TABLET,Purdue Pharma LP,ORAL,CII,0.0,0.0,0.0,0.0,0.0
2,AK,1,EMBEDA,"CAPSULE, EXTENDED RELEASE",Pfizer Laboratories Div Pfizer Inc,ORAL,CII,0.0,0.0,0.0,0.0,0.0
3,AK,1,FENTANYL,PATCH,Par Pharmaceutical Inc.,TRANSDERMAL,CII,0.0,0.0,0.0,0.0,0.0
4,AK,1,FENTANYL,"PATCH, EXTENDED RELEASE",Apotex Corp.,TRANSDERMAL,CII,4819.11,40.98,67.0,4860.09,712.0
5,AK,1,LORTAB,SYRUP,"Akorn, Inc.",ORAL,CII,0.0,0.0,0.0,0.0,0.0
6,AK,1,NORCO,TABLET,"Actavis Pharma, Inc.",ORAL,CII,0.0,0.0,0.0,0.0,0.0
7,AK,1,NUCYNTA ER,"TABLET, FILM COATED, EXTENDED RELEASE","Janssen Pharmaceuticals, Inc.",ORAL,CII,0.0,0.0,0.0,0.0,0.0
8,AK,1,OPANA ER,"TABLET, EXTENDED RELEASE","Endo Pharmaceuticals, Inc.",ORAL,CII,0.0,0.0,0.0,0.0,0.0
9,AK,1,OXYCONTIN,"TABLET, FILM COATED, EXTENDED RELEASE",Purdue Pharma LP,ORAL,CII,179122.08,0.0,440.0,179122.08,28611.0
10,AK,1,TUSSIONEX,"SUSPENSION, EXTENDED RELEASE",Unither Manufacturing LLC,ORAL,CII,0.0,0.0,0.0,0.0,0.0
11,AK,2,BUTRANS,"PATCH, EXTENDED RELEASE",Purdue Pharma LP,TRANSDERMAL,CIII,64285.39,1130.26,151.0,65415.65,594.0
12,AK,2,DILAUDID,TABLET,Purdue Pharma LP,ORAL,CII,0.0,0.0,0.0,0.0,0.0
13,AK,2,EMBEDA,"CAPSULE, EXTENDED RELEASE",Pfizer Laboratories Div Pfizer Inc,ORAL,CII,0.0,0.0,0.0,0.0,0.0
14,AK,2,FENTANYL,PATCH,Par Pharmaceutical Inc.,TRANSDERMAL,CII,0.0,0.0,0.0,0.0,0.0
15,AK,2,FENTANYL,"PATCH, EXTENDED RELEASE",Apotex Corp.,TRANSDERMAL,CII,3577.67,0.0,59.0,3577.67,553.0
16,AK,2,LORTAB,SYRUP,"Akorn, Inc.",ORAL,CII,0.0,0.0,0.0,0.0,0.0
17,AK,2,NORCO,TABLET,"Actavis Pharma, Inc.",ORAL,CII,0.0,0.0,0.0,0.0,0.0
18,AK,2,NUCYNTA ER,"TABLET, FILM COATED, EXTENDED RELEASE","Janssen Pharmaceuticals, Inc.",ORAL,CII,0.0,0.0,0.0,0.0,0.0
19,AK,2,OPANA ER,"TABLET, EXTENDED RELEASE","Endo Pharmaceuticals, Inc.",ORAL,CII,0.0,0.0,0.0,0.0,0.0
20,AK,2,OXYCONTIN,"TABLET, FILM COATED, EXTENDED RELEASE",Purdue Pharma LP,ORAL,CII,165170.63,0.0,373.0,165170.63,24565.0
21,AL,1,NUCYNTA ER,"TABLET, FILM COATED, EXTENDED RELEASE","Janssen Pharmaceuticals, Inc.",ORAL,CII,33695.56,3698.33,59.0,37393.89,3464.0
22,AL,1,OPANA ER,"TABLET, EXTENDED RELEASE","Endo Pharmaceuticals, Inc.",ORAL,CII,10257.15,54.6,14.0,10311.75,828.0
23,AL,1,OXYCONTIN,"TABLET, FILM COATED, EXTENDED RELEASE",Purdue Pharma LP,ORAL,CII,286039.82,7538.22,573.0,293578.04,34692.0
24,AL,2,NUCYNTA ER,"TABLET, FILM COATED, EXTENDED RELEASE","Janssen Pharmaceuticals, Inc.",ORAL,CII,38825.49,2064.75,74.0,40890.24,4376.0
25,AL,2,OPANA ER,"TABLET, EXTENDED RELEASE","Endo Pharmaceuticals, Inc.",ORAL,CII,11151.81,58.5,15.0,11210.31,884.0
26,AL,2,OXYCONTIN,"TABLET, FILM COATED, EXTENDED RELEASE",Purdue Pharma LP,ORAL,CII,285603.61,7538.15,588.0,293141.76,35340.0
27,AR,1,BUTRANS,"PATCH, EXTENDED RELEASE",Purdue Pharma LP,TRANSDERMAL,CIII,214234.68,2850.01,482.0,217084.69,1886.0
28,AR,1,DILAUDID,"INJECTION, SOLUTION",Purdue Pharma LP,INTRAMUSCULAR; INTRAVENOUS; SUBCUTANEOUS,CII,0.0,0.0,0.0,0.0,0.0
29,AR,1,EMBEDA,"CAPSULE, EXTENDED RELEASE",Pfizer Laboratories Div Pfizer Inc,ORAL,CII,181966.55,0.0,398.0,181966.55,19798.0
30,AR,1,FENTANYL,"PATCH, EXTENDED RELEASE",Apotex Corp.,TRANSDERMAL,CII,0.0,0.0,0.0,0.0,0.0
31,AR,1,IBUDONE,"TABLET, FILM COATED",Poly Pharmaceuticals,ORAL,CII,2527.01,0.0,28.0,2527.01,2330.0
32,AR,1,LORTAB,SYRUP,"Akorn, Inc.",ORAL,CII,8032.96,0.72,90.0,8033.68,18990.0
33,AR,1,NUCYNTA ER,"TABLET, FILM COATED, EXTENDED RELEASE","Janssen Pharmaceuticals, Inc.",ORAL,CII,0.0,0.0,0.0,0.0,0.0
34,AR,1,OPANA ER,"TABLET, EXTENDED RELEASE","Endo Pharmaceuticals, Inc.",ORAL,CII,0.0,0.0,0.0,0.0,0.0
35,AR,1,OXYCONTIN,"TABLET, FILM COATED, EXTENDED RELEASE",Purdue Pharma LP,ORAL,CII,34636.31,160.95,90.0,34797.26,5158.0
36,AR,2,BUTRANS,"PATCH, EXTENDED RELEASE",Purdue Pharma LP,TRANSDERMAL,CIII,264587.76,2885.99,605.0,267473.75,2407.0
37,AR,2,EMBEDA,"CAPSULE, EXTENDED RELEASE",Pfizer Laboratories Div Pfizer Inc,ORAL,CII,165243.71,0.0,383.0,165243.71,19078.0
38,AR,2,FENTANYL,PATCH,"Alvogen, Inc.",TRANSDERMAL,CII,0.0,0.0,0.0,0.0,0.0
39,AR,2,FENTANYL,"PATCH, EXTENDED RELEASE",Apotex Corp.,TRANSDERMAL,CII,0.0,0.0,0.0,0.0,0.0
40,AR,2,IBUDONE,"TABLET, FILM COATED",Poly Pharmaceuticals,ORAL,CII,3077.26,0.0,26.0,3077.26,2043.0
41,AR,2,LORTAB,SYRUP,"Akorn, Inc.",ORAL,CII,4849.1,207.22,78.0,5056.32,11511.0
42,AR,2,NUCYNTA ER,"TABLET, FILM COATED, EXTENDED RELEASE","Janssen Pharmaceuticals, Inc.",ORAL,CII,0.0,0.0,0.0,0.0,0.0
43,AR,2,OPANA ER,"TABLET, EXTENDED RELEASE","Endo Pharmaceuticals, Inc.",ORAL,CII,0.0,0.0,0.0,0.0,0.0
44,AR,2,OXYCONTIN,"TABLET, FILM COATED, EXTENDED RELEASE",Purdue Pharma LP,ORAL,CII,16246.09,0.0,65.0,16246.09,3730.0
45,AZ,1,BUTRANS,"PATCH, EXTENDED RELEASE",Purdue Pharma LP,TRANSDERMAL,CIII,85122.06,2646.71,214.0,87768.77,851.0
46,AZ,1,DILAUDID,LIQUID,Purdue Pharma LP,ORAL,CII,0.0,0.0,0.0,0.0,0.0
47,AZ,1,DILAUDID,TABLET,Purdue Pharma LP,ORAL,CII,0.0,0.0,0.0,0.0,0.0
48,AZ,1,EMBEDA,"CAPSULE, EXTENDED RELEASE",Pfizer Laboratories Div Pfizer Inc,ORAL,CII,7402.11,0.0,25.0,7402.11,990.0
49,AZ,1,EXALGO,"TABLET, EXTENDED RELEASE","Mallinckrodt, Inc",ORAL,CII,0.0,0.0,0.0,0.0,0.0
50,AZ,1,FENTANYL,PATCH,Par Pharmaceutical Inc.,TRANSDERMAL,CII,0.0,0.0,0.0,0.0,0.0
51,AZ,1,FENTANYL,"PATCH, EXTENDED RELEASE",Apotex Corp.,TRANSDERMAL,CII,11278.79,0.0,119.0,11278.79,1052.0
52,AZ,1,IBUDONE,"TABLET, FILM COATED",Poly Pharmaceuticals,ORAL,CII,0.0,0.0,0.0,0.0,0.0
53,AZ,1,LORCET,TABLET,Mayne Pharma Inc.,ORAL,CII,0.0,0.0,0.0,0.0,0.0
54,AZ,1,LORTAB,SYRUP,"Akorn, Inc.",ORAL,CII,1473.97,0.0,18.0,1473.97,3621.0
55,AZ,1,MS CONTIN,"TABLET, FILM COATED, EXTENDED RELEASE",Purdue Pharma LP,ORAL,CII,0.0,0.0,0.0,0.0,0.0
56,AZ,1,NUCYNTA ER,"TABLET, FILM COATED, EXTENDED RELEASE","Janssen Pharmaceuticals, Inc.",ORAL,CII,57607.02,2273.9,86.0,59880.92,5080.0
57,AZ,1,OPANA ER,"TABLET, EXTENDED RELEASE","Endo Pharmaceuticals, Inc.",ORAL,CII,93792.29,376.54,172.0,94168.83,10494.0
58,AZ,1,OXAYDO,TABLET,Egalet US Inc.,ORAL,CII,0.0,0.0,0.0,0.0,0.0
59,AZ,1,OXYCONTIN,"TABLET, FILM COATED, EXTENDED RELEASE",Purdue Pharma LP,ORAL,CII,1099536.67,25275.65,2348.0,1124812.32,143049.0
60,AZ,1,PERCOCET,TABLET,"Endo Pharmaceuticals, Inc.",ORAL,CII,0.0,0.0,0.0,0.0,0.0
61,AZ,2,BUTRANS,"PATCH, EXTENDED RELEASE",Purdue Pharma LP,TRANSDERMAL,CIII,73663.75,1059.33,194.0,74723.08,739.0
62,AZ,2,DILAUDID,LIQUID,Purdue Pharma LP,ORAL,CII,0.0,0.0,0.0,0.0,0.0
63,AZ,2,DILAUDID,SOLUTION,Rhodes Pharmaceuticals L.P.,ORAL,CII,0.0,0.0,0.0,0.0,0.0
64,AZ,2,EMBEDA,"CAPSULE, EXTENDED RELEASE",Pfizer Laboratories Div Pfizer Inc,ORAL,CII,29471.03,0.0,82.0,29471.03,3165.0
65,AZ,2,EXALGO,"TABLET, EXTENDED RELEASE","Mallinckrodt, Inc",ORAL,CII,0.0,0.0,0.0,0.0,0.0
66,AZ,2,FENTANYL,PATCH,Par Pharmaceutical Inc.,TRANSDERMAL,CII,0.0,0.0,0.0,0.0,0.0
67,AZ,2,FENTANYL,"PATCH, EXTENDED RELEASE",Apotex Corp.,TRANSDERMAL,CII,4521.54,0.0,58.0,4521.54,583.0
68,AZ,2,LORTAB,SYRUP,"Akorn, Inc.",ORAL,CII,0.0,0.0,0.0,0.0,0.0
69,AZ,2,MS CONTIN,"TABLET, FILM COATED, EXTENDED RELEASE",Purdue Pharma LP,ORAL,CII,0.0,0.0,0.0,0.0,0.0
70,AZ,2,NUCYNTA ER,"TABLET, FILM COATED, EXTENDED RELEASE","Janssen Pharmaceuticals, Inc.",ORAL,CII,30124.59,1276.48,44.0,31401.07,2602.0
71,AZ,2,OPANA ER,"TABLET, EXTENDED RELEASE","Endo Pharmaceuticals, Inc.",ORAL,CII,61974.62,152.77,119.0,62127.39,7204.0
72,AZ,2,OXAYDO,TABLET,Egalet US Inc.,ORAL,CII,0.0,0.0,0.0,0.0,0.0
73,AZ,2,OXYCONTIN,"TABLET, FILM COATED, EXTENDED RELEASE",Purdue Pharma LP,ORAL,CII,829325.55,13391.81,1855.0,842717.36,111850.0
74,AZ,2,PERCOCET,TABLET,"Endo Pharmaceuticals, Inc.",ORAL,CII,0.0,0.0,0.0,0.0,0.0
75,CA,1,LORTAB,SYRUP,"Akorn, Inc.",ORAL,CII,1355.32,144.73,22.0,1500.05,3726.0
76,CA,1,NUCYNTA ER,"TABLET, FILM COATED, EXTENDED RELEASE","Janssen Pharmaceuticals, Inc.",ORAL,CII,180855.53,0.0,310.0,180855.53,17777.0
77,CA,1,OPANA ER,"TABLET, EXTENDED RELEASE","Endo Pharmaceuticals, Inc.",ORAL,CII,15502.52,177.18,46.0,15679.7,4504.0
78,CA,1,OXYCONTIN,"TABLET, FILM COATED, EXTENDED RELEASE",Purdue Pharma LP,ORAL,CII,2235110.56,5770.29,3613.0,2240880.85,238938.0
79,CA,1,TUSSIONEX,"SUSPENSION, EXTENDED RELEASE",Unither Manufacturing LLC,ORAL,CII,0.0,0.0,0.0,0.0,0.0
80,CA,2,LORTAB,SYRUP,"Akorn, Inc.",ORAL,CII,0.0,0.0,0.0,0.0,0.0
81,CA,2,MS CONTIN,"TABLET, FILM COATED, EXTENDED RELEASE",Purdue Pharma LP,ORAL,CII,0.0,0.0,0.0,0.0,0.0
82,CA,2,NUCYNTA ER,"TABLET, FILM COATED, EXTENDED RELEASE","Janssen Pharmaceuticals, Inc.",ORAL,CII,132085.81,0.0,188.0,132085.81,11202.0
83,CA,2,OPANA ER,"TABLET, EXTENDED RELEASE","Endo Pharmaceuticals, Inc.",ORAL,CII,11376.14,0.0,34.0,11376.14,2807.0
84,CA,2,OXYCONTIN,"TABLET, FILM COATED, EXTENDED RELEASE",Purdue Pharma LP,ORAL,CII,1236127.45,3276.68,2022.0,1239404.13,133161.0
85,CO,1,BUTRANS,"PATCH, EXTENDED RELEASE",Purdue Pharma LP,TRANSDERMAL,CIII,245072.18,2.63,549.0,245074.81,2182.0
86,CO,1,DILAUDID,"INJECTION, SOLUTION",Purdue Pharma LP,INTRAMUSCULAR; INTRAVENOUS; SUBCUTANEOUS,CII,0.0,0.0,0.0,0.0,0.0
87,CO,1,EMBEDA,"CAPSULE, EXTENDED RELEASE",Pfizer Laboratories Div Pfizer Inc,ORAL,CII,0.0,0.0,0.0,0.0,0.0
88,CO,1,FENTANYL,PATCH,"Alvogen, Inc.",TRANSDERMAL,CII,0.0,0.0,0.0,0.0,0.0
89,CO,1,FENTANYL,PATCH,Par Pharmaceutical Inc.,TRANSDERMAL,CII,0.0,0.0,0.0,0.0,0.0
90,CO,1,FENTANYL,"PATCH, EXTENDED RELEASE",Apotex Corp.,TRANSDERMAL,CII,10651.63,726.74,120.0,11378.37,1227.0
91,CO,1,FENTORA,TABLET,"Cephalon, Inc.",BUCCAL; SUBLINGUAL,CII,0.0,0.0,0.0,0.0,0.0
92,CO,1,LORCET,TABLET,Mayne Pharma Inc.,ORAL,CII,0.0,0.0,0.0,0.0,0.0
93,CO,1,LORTAB,SYRUP,"Akorn, Inc.",ORAL,CII,4000.51,0.0,45.0,4000.51,9611.0
94,CO,1,MS CONTIN,"TABLET, FILM COATED, EXTENDED RELEASE",Purdue Pharma LP,ORAL,CII,0.0,0.0,0.0,0.0,0.0
95,CO,1,NORCO,TABLET,"Actavis Pharma, Inc.",ORAL,CII,0.0,0.0,0.0,0.0,0.0
96,CO,1,NUCYNTA ER,"TABLET, FILM COATED, EXTENDED RELEASE","Janssen Pharmaceuticals, Inc.",ORAL,CII,86502.59,651.86,153.0,87154.45,8899.0
97,CO,1,OPANA ER,"TABLET, EXTENDED RELEASE","Endo Pharmaceuticals, Inc.",ORAL,CII,16494.85,0.0,61.0,16494.85,3560.0
98,CO,1,OXYCONTIN,"TABLET, FILM COATED, EXTENDED RELEASE",Purdue Pharma LP,ORAL,CII,1051657.67,6621.71,2339.0,1058279.38,135279.0
99,CO,1,PERCOCET,TABLET,"Endo Pharmaceuticals, Inc.",ORAL,CII,0.0,0.0,0.0,0.0,0.0
100,CO,2,BUTRANS,"PATCH, EXTENDED RELEASE",Purdue Pharma LP,TRANSDERMAL,CIII,196897.17,1693.91,434.0,198591.08,1725.0
101,CO,2,EMBEDA,"CAPSULE, EXTENDED RELEASE",Pfizer Laboratories Div Pfizer Inc,ORAL,CII,0.0,0.0,0.0,0.0,0.0
102,CO,2,FENTANYL,PATCH,Par Pharmaceutical Inc.,TRANSDERMAL,CII,0.0,0.0,0.0,0.0,0.0
103,CO,2,FENTANYL,"PATCH, EXTENDED RELEASE",Apotex Corp.,TRANSDERMAL,CII,5782.79,502.21,81.0,6285.0,838.0
104,CO,2,FENTORA,TABLET,"Cephalon, Inc.",BUCCAL; SUBLINGUAL,CII,0.0,0.0,0.0,0.0,0.0
105,CO,2,LORCET,TABLET,Mayne Pharma Inc.,ORAL,CII,0.0,0.0,0.0,0.0,0.0
106,CO,2,LORTAB,SYRUP,"Akorn, Inc.",ORAL,CII,3587.17,0.0,47.0,3587.17,8497.0
107,CO,2,MS CONTIN,"TABLET, FILM COATED, EXTENDED RELEASE",Purdue Pharma LP,ORAL,CII,0.0,0.0,0.0,0.0,0.0
108,CO,2,NORCO,TABLET,"Actavis Pharma, Inc.",ORAL,CII,0.0,0.0,0.0,0.0,0.0
109,CO,2,NUCYNTA ER,"TABLET, FILM COATED, EXTENDED RELEASE","Janssen Pharmaceuticals, Inc.",ORAL,CII,93890.72,758.92,153.0,94649.64,8636.0
110,CO,2,OPANA ER,"TABLET, EXTENDED RELEASE","Endo Pharmaceuticals, Inc.",ORAL,CII,27975.92,0.0,60.0,27975.92,3632.0
111,CO,2,OXAYDO,TABLET,Egalet US Inc.,ORAL,CII,0.0,0.0,0.0,0.0,0.0
112,CO,2,OXYCONTIN,"TABLET, FILM COATED, EXTENDED RELEASE",Purdue Pharma LP,ORAL,CII,922368.24,11691.48,2046.0,934059.72,115358.0
113,CO,2,PERCOCET,TABLET,"Endo Pharmaceuticals, Inc.",ORAL,CII,0.0,0.0,0.0,0.0,0.0
114,CT,1,LORTAB,SYRUP,"Akorn, Inc.",ORAL,CII,0.0,0.0,0.0,0.0,0.0
115,CT,1,MS CONTIN,"TABLET, FILM COATED, EXTENDED RELEASE",Purdue Pharma LP,ORAL,CII,0.0,0.0,0.0,0.0,0.0
116,CT,1,NUCYNTA ER,"TABLET, FILM COATED, EXTENDED RELEASE","Janssen Pharmaceuticals, Inc.",ORAL,CII,82800.53,1254.57,138.0,84055.1,7917.0
117,CT,1,OPANA ER,"TABLET, EXTENDED RELEASE","Endo Pharmaceuticals, Inc.",ORAL,CII,19747.02,692.97,23.0,20439.99,1602.0
118,CT,1,OXYCONTIN,"TABLET, FILM COATED, EXTENDED RELEASE",Purdue Pharma LP,ORAL,CII,1471934.4,20642.88,2819.0,1492577.28,166909.0
119,CT,1,TUSSIONEX,"SUSPENSION, EXTENDED RELEASE",Unither Manufacturing LLC,ORAL,CII,0.0,0.0,0.0,0.0,0.0
120,CT,2,LORTAB,SYRUP,"Akorn, Inc.",ORAL,CII,0.0,0.0,0.0,0.0,0.0
121,CT,2,MS CONTIN,"TABLET, FILM COATED, EXTENDED RELEASE",Purdue Pharma LP,ORAL,CII,0.0,0.0,0.0,0.0,0.0
122,CT,2,NUCYNTA ER,"TABLET, FILM COATED, EXTENDED RELEASE","Janssen Pharmaceuticals, Inc.",ORAL,CII,63193.21,0.0,91.0,63193.21,5326.0
123,CT,2,OPANA ER,"TABLET, EXTENDED RELEASE","Endo Pharmaceuticals, Inc.",ORAL,CII,22099.89,2142.57,28.0,24242.46,1950.0
124,CT,2,OXYCONTIN,"TABLET, FILM COATED, EXTENDED RELEASE",Purdue Pharma LP,ORAL,CII,1364452.44,21481.53,2552.0,1385933.97,151879.0
125,DC,1,MS CONTIN,"TABLET, FILM COATED, EXTENDED RELEASE",Purdue Pharma LP,ORAL,CII,0.0,0.0,0.0,0.0,0.0
126,DC,1,NUCYNTA ER,"TABLET, FILM COATED, EXTENDED RELEASE","Janssen Pharmaceuticals, Inc.",ORAL,CII,0.0,0.0,0.0,0.0,0.0
127,DC,1,OXYCONTIN,"TABLET, FILM COATED, EXTENDED RELEASE",Purdue Pharma LP,ORAL,CII,80247.51,192.0,201.0,80439.51,11880.0
128,DC,2,MS CONTIN,"TABLET, FILM COATED, EXTENDED RELEASE",Purdue Pharma LP,ORAL,CII,0.0,0.0,0.0,0.0,0.0
129,DC,2,NUCYNTA ER,"TABLET, FILM COATED, EXTENDED RELEASE","Janssen Pharmaceuticals, Inc.",ORAL,CII,0.0,0.0,0.0,0.0,0.0
130,DC,2,OXYCONTIN,"TABLET, FILM COATED, EXTENDED RELEASE",Purdue Pharma LP,ORAL,CII,103935.76,216.0,219.0,104151.76,12335.0
131,DE,1,FENTANYL,PATCH,Par Pharmaceutical Inc.,TRANSDERMAL,CII,0.0,0.0,0.0,0.0,0.0
132,DE,1,LORTAB,SYRUP,"Akorn, Inc.",ORAL,CII,0.0,0.0,0.0,0.0,0.0
133,DE,1,NUCYNTA ER,"TABLET, FILM COATED, EXTENDED RELEASE","Janssen Pharmaceuticals, Inc.",ORAL,CII,0.0,0.0,0.0,0.0,0.0
134,DE,1,OPANA ER,"TABLET, EXTENDED RELEASE","Endo Pharmaceuticals, Inc.",ORAL,CII,0.0,0.0,0.0,0.0,0.0
135,DE,1,OXYCONTIN,"TABLET, FILM COATED, EXTENDED RELEASE",Purdue Pharma LP,ORAL,CII,0.0,246423.94,434.0,246423.94,25658.0
136,DE,2,FENTANYL,PATCH,Par Pharmaceutical Inc.,TRANSDERMAL,CII,0.0,7246.01,90.0,7246.01,869.0
137,DE,2,LORTAB,SYRUP,"Akorn, Inc.",ORAL,CII,0.0,0.0,0.0,0.0,0.0
138,DE,2,NUCYNTA ER,"TABLET, FILM COATED, EXTENDED RELEASE","Janssen Pharmaceuticals, Inc.",ORAL,CII,0.0,0.0,0.0,0.0,0.0
139,DE,2,OPANA ER,"TABLET, EXTENDED RELEASE","Endo Pharmaceuticals, Inc.",ORAL,CII,0.0,0.0,0.0,0.0,0.0
140,DE,2,OXYCONTIN,"TABLET, FILM COATED, EXTENDED RELEASE",Purdue Pharma LP,ORAL,CII,0.0,211247.45,399.0,211247.45,23467.0
141,FL,1,BUTRANS,"PATCH, EXTENDED RELEASE",Purdue Pharma LP,TRANSDERMAL,CIII,641779.21,306.53,1511.0,642085.74,6017.0
142,FL,1,DILAUDID,"INJECTION, SOLUTION",Purdue Pharma LP,INTRAMUSCULAR; INTRAVENOUS; SUBCUTANEOUS,CII,2700.29,1.65,44.0,2701.94,176.0
143,FL,1,DILAUDID,TABLET,Purdue Pharma LP,ORAL,CII,0.0,0.0,0.0,0.0,0.0
144,FL,1,EMBEDA,"CAPSULE, EXTENDED RELEASE",Pfizer Laboratories Div Pfizer Inc,ORAL,CII,2445712.73,90.98,4467.0,2445803.71,223388.0
145,FL,1,EXALGO,"TABLET, EXTENDED RELEASE","Mallinckrodt, Inc",ORAL,CII,0.0,0.0,0.0,0.0,0.0
146,FL,1,FENTANYL,PATCH,"Alvogen, Inc.",TRANSDERMAL,CII,0.0,0.0,0.0,0.0,0.0
147,FL,1,FENTANYL,PATCH,Par Pharmaceutical Inc.,TRANSDERMAL,CII,4667.33,0.0,42.0,4667.33,415.0
148,FL,1,FENTANYL,"PATCH, EXTENDED RELEASE",Apotex Corp.,TRANSDERMAL,CII,100691.15,556.93,1239.0,101248.08,11400.0
149,FL,1,LORCET,TABLET,Mayne Pharma Inc.,ORAL,CII,0.0,0.0,0.0,0.0,0.0
150,FL,1,LORTAB,SYRUP,"Akorn, Inc.",ORAL,CII,619.86,0.0,12.0,619.86,1548.0
151,FL,1,MS CONTIN,"TABLET, FILM COATED, EXTENDED RELEASE",Purdue Pharma LP,ORAL,CII,0.0,0.0,0.0,0.0,0.0
152,FL,1,NUCYNTA ER,"TABLET, FILM COATED, EXTENDED RELEASE","Janssen Pharmaceuticals, Inc.",ORAL,CII,0.0,0.0,0.0,0.0,0.0
153,FL,1,OPANA ER,"TABLET, EXTENDED RELEASE","Endo Pharmaceuticals, Inc.",ORAL,CII,125412.3,0.0,175.0,125412.3,10228.0
154,FL,1,OXYCONTIN,"TABLET, FILM COATED, EXTENDED RELEASE",Purdue Pharma LP,ORAL,CII,724016.68,1051.13,1248.0,725067.81,74504.0
155,FL,1,PERCOCET,TABLET,"Endo Pharmaceuticals, Inc.",ORAL,CII,0.0,0.0,0.0,0.0,0.0
156,FL,1,TUSSIONEX,"SUSPENSION, EXTENDED RELEASE",Unither Manufacturing LLC,ORAL,CII,0.0,0.0,0.0,0.0,0.0
157,FL,2,BUTRANS,"PATCH, EXTENDED RELEASE",Purdue Pharma LP,TRANSDERMAL,CIII,765175.36,1177.86,1806.0,766353.22,7197.0
158,FL,2,DILAUDID,"INJECTION, SOLUTION",Purdue Pharma LP,INTRAMUSCULAR; INTRAVENOUS; SUBCUTANEOUS,CII,32323.92,24.68,365.0,32348.6,926.0
159,FL,2,DILAUDID,TABLET,Purdue Pharma LP,ORAL,CII,0.0,0.0,0.0,0.0,0.0
160,FL,2,DILAUDID,TABLET,Rhodes Pharmaceuticals L.P.,ORAL,CII,0.0,0.0,0.0,0.0,0.0
161,FL,2,EMBEDA,"CAPSULE, EXTENDED RELEASE",Pfizer Laboratories Div Pfizer Inc,ORAL,CII,2715955.13,143.73,5143.0,2716098.86,252096.0
162,FL,2,FENTANYL,PATCH,"Alvogen, Inc.",TRANSDERMAL,CII,0.0,0.0,0.0,0.0,0.0
163,FL,2,FENTANYL,PATCH,Par Pharmaceutical Inc.,TRANSDERMAL,CII,1890.72,0.0,26.0,1890.72,246.0
164,FL,2,FENTANYL,"PATCH, EXTENDED RELEASE",Apotex Corp.,TRANSDERMAL,CII,92862.46,29.09,1195.0,92891.55,10834.0
165,FL,2,LORCET,TABLET,Mayne Pharma Inc.,ORAL,CII,0.0,0.0,0.0,0.0,0.0
166,FL,2,LORTAB,SYRUP,"Akorn, Inc.",ORAL,CII,0.0,0.0,0.0,0.0,0.0
167,FL,2,NUCYNTA ER,"TABLET, FILM COATED, EXTENDED RELEASE","Janssen Pharmaceuticals, Inc.",ORAL,CII,4341.94,0.0,14.0,4341.94,776.0
168,FL,2,OPANA ER,"TABLET, EXTENDED RELEASE","Endo Pharmaceuticals, Inc.",ORAL,CII,143446.6,0.0,212.0,143446.6,12137.0
169,FL,2,OXAYDO,TABLET,Egalet US Inc.,ORAL,CII,0.0,0.0,0.0,0.0,0.0
170,FL,2,OXYCONTIN,"TABLET, FILM COATED, EXTENDED RELEASE",Purdue Pharma LP,ORAL,CII,731111.18,1315.96,1355.0,732427.14,78702.0
171,FL,2,PERCOCET,TABLET,"Endo Pharmaceuticals, Inc.",ORAL,CII,0.0,0.0,0.0,0.0,0.0
172,GA,1,LORTAB,SYRUP,"Akorn, Inc.",ORAL,CII,3581.85,32.69,28.0,3614.54,8594.0
173,GA,1,MS CONTIN,"TABLET, FILM COATED, EXTENDED RELEASE",Purdue Pharma LP,ORAL,CII,0.0,0.0,0.0,0.0,0.0
174,GA,1,NUCYNTA ER,"TABLET, FILM COATED, EXTENDED RELEASE","Janssen Pharmaceuticals, Inc.",ORAL,CII,7369.6,1107.4,14.0,8477.0,840.0
175,GA,1,OPANA ER,"TABLET, EXTENDED RELEASE","Endo Pharmaceuticals, Inc.",ORAL,CII,0.0,0.0,0.0,0.0,0.0
176,GA,1,OXYCONTIN,"TABLET, FILM COATED, EXTENDED RELEASE",Purdue Pharma LP,ORAL,CII,321353.69,16655.87,671.0,338009.56,37097.0
177,GA,2,LORTAB,SYRUP,"Akorn, Inc.",ORAL,CII,4633.03,40.13,38.0,4673.16,11587.0
178,GA,2,MS CONTIN,"TABLET, FILM COATED, EXTENDED RELEASE",Purdue Pharma LP,ORAL,CII,0.0,0.0,0.0,0.0,0.0
179,GA,2,NUCYNTA ER,"TABLET, FILM COATED, EXTENDED RELEASE","Janssen Pharmaceuticals, Inc.",ORAL,CII,17254.23,3085.05,27.0,20339.28,1560.0
180,GA,2,OPANA ER,"TABLET, EXTENDED RELEASE","Endo Pharmaceuticals, Inc.",ORAL,CII,0.0,0.0,0.0,0.0,0.0
181,GA,2,OXYCONTIN,"TABLET, FILM COATED, EXTENDED RELEASE",Purdue Pharma LP,ORAL,CII,291146.33,15052.38,638.0,306198.71,35399.0
182,HI,1,NUCYNTA ER,"TABLET, FILM COATED, EXTENDED RELEASE","Janssen Pharmaceuticals, Inc.",ORAL,CII,0.0,0.0,0.0,0.0,0.0
183,HI,1,OXYCONTIN,"TABLET, FILM COATED, EXTENDED RELEASE",Purdue Pharma LP,ORAL,CII,93227.35,0.0,163.0,93227.35,8689.0
184,HI,2,NUCYNTA ER,"TABLET, FILM COATED, EXTENDED RELEASE","Janssen Pharmaceuticals, Inc.",ORAL,CII,0.0,0.0,0.0,0.0,0.0
185,HI,2,OXYCONTIN,"TABLET, FILM COATED, EXTENDED RELEASE",Purdue Pharma LP,ORAL,CII,52033.97,0.0,62.0,52033.97,4706.0
186,IA,1,LORTAB,SYRUP,"Akorn, Inc.",ORAL,CII,0.0,0.0,0.0,0.0,0.0
187,IA,1,NUCYNTA ER,"TABLET, FILM COATED, EXTENDED RELEASE","Janssen Pharmaceuticals, Inc.",ORAL,CII,0.0,0.0,0.0,0.0,0.0
188,IA,1,OPANA ER,"TABLET, EXTENDED RELEASE","Endo Pharmaceuticals, Inc.",ORAL,CII,0.0,0.0,0.0,0.0,0.0
189,IA,1,OXYCONTIN,"TABLET, FILM COATED, EXTENDED RELEASE",Purdue Pharma LP,ORAL,CII,109146.56,0.0,192.0,109146.56,11215.0
190,IA,2,LORTAB,SYRUP,"Akorn, Inc.",ORAL,CII,0.0,0.0,0.0,0.0,0.0
191,IA,2,NUCYNTA ER,"TABLET, FILM COATED, EXTENDED RELEASE","Janssen Pharmaceuticals, Inc.",ORAL,CII,0.0,0.0,0.0,0.0,0.0
192,IA,2,OPANA ER,"TABLET, EXTENDED RELEASE","Endo Pharmaceuticals, Inc.",ORAL,CII,0.0,0.0,0.0,0.0,0.0
193,IA,2,OXYCONTIN,"TABLET, FILM COATED, EXTENDED RELEASE",Purdue Pharma LP,ORAL,CII,102377.2,0.0,181.0,102377.2,10530.0
194,ID,1,BUTRANS,"PATCH, EXTENDED RELEASE",Purdue Pharma LP,TRANSDERMAL,CIII,75731.83,1471.33,163.0,77203.16,651.0
195,ID,1,EXALGO,"TABLET, EXTENDED RELEASE","Mallinckrodt, Inc",ORAL,CII,0.0,0.0,0.0,0.0,0.0
196,ID,1,FENTANYL,PATCH,Par Pharmaceutical Inc.,TRANSDERMAL,CII,0.0,0.0,0.0,0.0,0.0
197,ID,1,FENTANYL,"PATCH, EXTENDED RELEASE",Apotex Corp.,TRANSDERMAL,CII,1628.0,0.0,43.0,1628.0,387.0
198,ID,1,NORCO,TABLET,"Actavis Pharma, Inc.",ORAL,CII,0.0,0.0,0.0,0.0,0.0
199,ID,1,NUCYNTA ER,"TABLET, FILM COATED, EXTENDED RELEASE","Janssen Pharmaceuticals, Inc.",ORAL,CII,0.0,0.0,0.0,0.0,0.0
200,ID,1,OPANA ER,"TABLET, EXTENDED RELEASE","Endo Pharmaceuticals, Inc.",ORAL,CII,15221.85,0.0,14.0,15221.85,930.0
201,ID,1,OXYCONTIN,"TABLET, FILM COATED, EXTENDED RELEASE",Purdue Pharma LP,ORAL,CII,231064.87,3638.63,432.0,234703.5,25356.0
202,ID,2,BUTRANS,"PATCH, EXTENDED RELEASE",Purdue Pharma LP,TRANSDERMAL,CIII,76924.85,2610.0,174.0,79534.85,698.0
203,ID,2,FENTANYL,PATCH,"Alvogen, Inc.",TRANSDERMAL,CII,0.0,0.0,0.0,0.0,0.0
204,ID,2,FENTANYL,PATCH,Par Pharmaceutical Inc.,TRANSDERMAL,CII,0.0,0.0,0.0,0.0,0.0
205,ID,2,FENTANYL,"PATCH, EXTENDED RELEASE",Apotex Corp.,TRANSDERMAL,CII,2192.52,0.0,50.0,2192.52,371.0
206,ID,2,NUCYNTA ER,"TABLET, FILM COATED, EXTENDED RELEASE","Janssen Pharmaceuticals, Inc.",ORAL,CII,6899.56,806.03,14.0,7705.59,740.0
207,ID,2,OPANA ER,"TABLET, EXTENDED RELEASE","Endo Pharmaceuticals, Inc.",ORAL,CII,0.0,0.0,0.0,0.0,0.0
208,ID,2,OXYCONTIN,"TABLET, FILM COATED, EXTENDED RELEASE",Purdue Pharma LP,ORAL,CII,233928.35,1330.14,441.0,235258.49,25722.0
209,IL,1,LORTAB,SYRUP,"Akorn, Inc.",ORAL,CII,0.0,0.0,0.0,0.0,0.0
210,IL,1,MS CONTIN,"TABLET, FILM COATED, EXTENDED RELEASE",Purdue Pharma LP,ORAL,CII,0.0,0.0,0.0,0.0,0.0
211,IL,1,NUCYNTA ER,"TABLET, FILM COATED, EXTENDED RELEASE","Janssen Pharmaceuticals, Inc.",ORAL,CII,0.0,0.0,0.0,0.0,0.0
212,IL,1,OPANA ER,"TABLET, EXTENDED RELEASE","Endo Pharmaceuticals, Inc.",ORAL,CII,0.0,0.0,0.0,0.0,0.0
213,IL,1,OXYCONTIN,"TABLET, FILM COATED, EXTENDED RELEASE",Purdue Pharma LP,ORAL,CII,260603.74,14022.46,665.0,274626.2,38403.0
214,IL,2,LORTAB,SYRUP,"Akorn, Inc.",ORAL,CII,0.0,0.0,0.0,0.0,0.0
215,IL,2,NUCYNTA ER,"TABLET, FILM COATED, EXTENDED RELEASE","Janssen Pharmaceuticals, Inc.",ORAL,CII,0.0,0.0,0.0,0.0,0.0
216,IL,2,OPANA ER,"TABLET, EXTENDED RELEASE","Endo Pharmaceuticals, Inc.",ORAL,CII,0.0,0.0,0.0,0.0,0.0
217,IL,2,OXYCONTIN,"TABLET, FILM COATED, EXTENDED RELEASE",Purdue Pharma LP,ORAL,CII,118022.14,12342.97,287.0,130365.11,15699.0
218,IN,1,LORTAB,SYRUP,"Akorn, Inc.",ORAL,CII,2545.96,17.16,18.0,2563.12,6285.0
219,IN,1,MS CONTIN,"TABLET, FILM COATED, EXTENDED RELEASE",Purdue Pharma LP,ORAL,CII,0.0,0.0,0.0,0.0,0.0
220,IN,1,NUCYNTA ER,"TABLET, FILM COATED, EXTENDED RELEASE","Janssen Pharmaceuticals, Inc.",ORAL,CII,148031.9,342.69,233.0,148374.59,12928.0
221,IN,1,OPANA ER,"TABLET, EXTENDED RELEASE","Endo Pharmaceuticals, Inc.",ORAL,CII,18204.78,0.0,21.0,18204.78,1410.0
222,IN,1,OXYCONTIN,"TABLET, FILM COATED, EXTENDED RELEASE",Purdue Pharma LP,ORAL,CII,714734.13,11974.06,1310.0,726708.19,76809.0
223,IN,1,TUSSIONEX,"SUSPENSION, EXTENDED RELEASE",Unither Manufacturing LLC,ORAL,CII,0.0,0.0,0.0,0.0,0.0
224,IN,2,LORTAB,SYRUP,"Akorn, Inc.",ORAL,CII,0.0,0.0,0.0,0.0,0.0
225,IN,2,MS CONTIN,"TABLET, FILM COATED, EXTENDED RELEASE",Purdue Pharma LP,ORAL,CII,0.0,0.0,0.0,0.0,0.0
226,IN,2,NUCYNTA ER,"TABLET, FILM COATED, EXTENDED RELEASE","Janssen Pharmaceuticals, Inc.",ORAL,CII,61322.11,573.1,102.0,61895.21,5206.0
227,IN,2,OPANA ER,"TABLET, EXTENDED RELEASE","Endo Pharmaceuticals, Inc.",ORAL,CII,0.0,0.0,0.0,0.0,0.0
228,IN,2,OXYCONTIN,"TABLET, FILM COATED, EXTENDED RELEASE",Purdue Pharma LP,ORAL,CII,319648.9,2497.61,632.0,322146.51,36095.0
229,IN,2,TUSSIONEX,"SUSPENSION, EXTENDED RELEASE",Unither Manufacturing LLC,ORAL,CII,0.0,0.0,0.0,0.0,0.0
230,KS,1,LORTAB,SYRUP,"Akorn, Inc.",ORAL,CII,1983.52,27.0,19.0,2010.52,5061.0
231,KS,1,NUCYNTA ER,"TABLET, FILM COATED, EXTENDED RELEASE","Janssen Pharmaceuticals, Inc.",ORAL,CII,0.0,0.0,0.0,0.0,0.0
232,KS,1,OPANA ER,"TABLET, EXTENDED RELEASE","Endo Pharmaceuticals, Inc.",ORAL,CII,0.0,0.0,0.0,0.0,0.0
233,KS,1,OXYCONTIN,"TABLET, FILM COATED, EXTENDED RELEASE",Purdue Pharma LP,ORAL,CII,513695.33,12411.64,1144.0,526106.97,66112.0
234,KS,2,FENTANYL,PATCH,Par Pharmaceutical Inc.,TRANSDERMAL,CII,0.0,0.0,0.0,0.0,0.0
235,KS,2,LORTAB,SYRUP,"Akorn, Inc.",ORAL,CII,4901.68,51.0,70.0,4952.68,11501.2
236,KS,2,NUCYNTA ER,"TABLET, FILM COATED, EXTENDED RELEASE","Janssen Pharmaceuticals, Inc.",ORAL,CII,23798.7,96.0,34.0,23894.7,1801.0
237,KS,2,OPANA ER,"TABLET, EXTENDED RELEASE","Endo Pharmaceuticals, Inc.",ORAL,CII,18115.98,66.0,25.0,18181.98,1500.0
238,KS,2,OXYCONTIN,"TABLET, FILM COATED, EXTENDED RELEASE",Purdue Pharma LP,ORAL,CII,1287432.54,15826.75,2721.0,1303259.29,157806.0
239,KY,1,BUTRANS,"PATCH, EXTENDED RELEASE",Purdue Pharma LP,TRANSDERMAL,CIII,75274.31,582.78,168.0,75857.09,676.0
240,KY,1,DILAUDID,"INJECTION, SOLUTION",Purdue Pharma LP,INTRAMUSCULAR; INTRAVENOUS; SUBCUTANEOUS,CII,0.0,0.0,0.0,0.0,0.0
241,KY,1,EMBEDA,"CAPSULE, EXTENDED RELEASE",Pfizer Laboratories Div Pfizer Inc,ORAL,CII,7920.23,0.0,25.0,7920.23,1248.0
242,KY,1,FENTANYL,PATCH,Par Pharmaceutical Inc.,TRANSDERMAL,CII,0.0,0.0,0.0,0.0,0.0
243,KY,1,FENTANYL,"PATCH, EXTENDED RELEASE",Apotex Corp.,TRANSDERMAL,CII,12315.08,0.0,153.0,12315.08,1491.0
244,KY,1,KADIAN,"CAPSULE, EXTENDED RELEASE","Actavis Pharma, Inc.",ORAL,CII,0.0,0.0,0.0,0.0,0.0
245,KY,1,MS CONTIN,"TABLET, FILM COATED, EXTENDED RELEASE",Purdue Pharma LP,ORAL,CII,0.0,0.0,0.0,0.0,0.0
246,KY,1,NORCO,TABLET,"Actavis Pharma, Inc.",ORAL,CII,0.0,0.0,0.0,0.0,0.0
247,KY,1,NUCYNTA ER,"TABLET, FILM COATED, EXTENDED RELEASE","Janssen Pharmaceuticals, Inc.",ORAL,CII,8400.33,0.0,16.0,8400.33,846.0
248,KY,1,OPANA ER,"TABLET, EXTENDED RELEASE","Endo Pharmaceuticals, Inc.",ORAL,CII,27148.67,0.0,53.0,27148.67,3218.0
249,KY,1,OXYCONTIN,"TABLET, FILM COATED, EXTENDED RELEASE",Purdue Pharma LP,ORAL,CII,432013.16,4038.46,858.0,436051.62,49946.0
250,KY,1,PERCOCET,TABLET,"Endo Pharmaceuticals, Inc.",ORAL,CII,0.0,0.0,0.0,0.0,0.0
251,KY,1,TUSSIONEX,"SUSPENSION, EXTENDED RELEASE",Unither Manufacturing LLC,ORAL,CII,0.0,0.0,0.0,0.0,0.0
252,KY,2,BUTRANS,"PATCH, EXTENDED RELEASE",Purdue Pharma LP,TRANSDERMAL,CIII,81523.4,0.0,179.0,81523.4,716.0
253,KY,2,EMBEDA,"CAPSULE, EXTENDED RELEASE",Pfizer Laboratories Div Pfizer Inc,ORAL,CII,20903.66,0.0,48.0,20903.66,2592.0
254,KY,2,FENTANYL,PATCH,"Alvogen, Inc.",TRANSDERMAL,CII,0.0,0.0,0.0,0.0,0.0
255,KY,2,FENTANYL,PATCH,Par Pharmaceutical Inc.,TRANSDERMAL,CII,0.0,0.0,0.0,0.0,0.0
256,KY,2,FENTANYL,"PATCH, EXTENDED RELEASE",Apotex Corp.,TRANSDERMAL,CII,9556.22,0.0,132.0,9556.22,1312.0
257,KY,2,KADIAN,"CAPSULE, EXTENDED RELEASE","Actavis Pharma, Inc.",ORAL,CII,0.0,0.0,0.0,0.0,0.0
258,KY,2,LORTAB,SYRUP,"Akorn, Inc.",ORAL,CII,0.0,0.0,0.0,0.0,0.0
259,KY,2,NORCO,TABLET,"Actavis Pharma, Inc.",ORAL,CII,0.0,0.0,0.0,0.0,0.0
260,KY,2,NUCYNTA ER,"TABLET, FILM COATED, EXTENDED RELEASE","Janssen Pharmaceuticals, Inc.",ORAL,CII,10619.14,0.0,19.0,10619.14,1006.0
261,KY,2,OPANA ER,"TABLET, EXTENDED RELEASE","Endo Pharmaceuticals, Inc.",ORAL,CII,26442.96,0.0,53.0,26442.96,3076.0
262,KY,2,OXYCONTIN,"TABLET, FILM COATED, EXTENDED RELEASE",Purdue Pharma LP,ORAL,CII,368103.25,4511.84,735.0,372615.09,42945.0
263,KY,2,PERCOCET,TABLET,"Endo Pharmaceuticals, Inc.",ORAL,CII,0.0,0.0,0.0,0.0,0.0
264,KY,2,TUSSIONEX,"SUSPENSION, EXTENDED RELEASE",Unither Manufacturing LLC,ORAL,CII,0.0,0.0,0.0,0.0,0.0
265,LA,1,BUTRANS,"PATCH, EXTENDED RELEASE",Purdue Pharma LP,TRANSDERMAL,CIII,4376.8,1497.75,16.0,5874.55,64.0
266,LA,1,DILAUDID,"INJECTION, SOLUTION",Purdue Pharma LP,INTRAMUSCULAR; INTRAVENOUS; SUBCUTANEOUS,CII,660.31,0.0,171.0,660.31,418.0
267,LA,1,FENTANYL,PATCH,Par Pharmaceutical Inc.,TRANSDERMAL,CII,0.0,0.0,0.0,0.0,0.0
268,LA,1,FENTANYL,"PATCH, EXTENDED RELEASE",Apotex Corp.,TRANSDERMAL,CII,9375.45,176.05,143.0,9551.5,1272.0
269,LA,1,LORCET,TABLET,Mayne Pharma Inc.,ORAL,CII,0.0,0.0,0.0,0.0,0.0
270,LA,1,LORTAB,SYRUP,"Akorn, Inc.",ORAL,CII,0.0,0.0,0.0,0.0,0.0
271,LA,1,NUCYNTA ER,"TABLET, FILM COATED, EXTENDED RELEASE","Janssen Pharmaceuticals, Inc.",ORAL,CII,0.0,0.0,0.0,0.0,0.0
272,LA,1,OPANA ER,"TABLET, EXTENDED RELEASE","Endo Pharmaceuticals, Inc.",ORAL,CII,21736.87,0.0,21.0,21736.87,1308.0
273,LA,1,OXYCONTIN,"TABLET, FILM COATED, EXTENDED RELEASE",Purdue Pharma LP,ORAL,CII,167130.45,15950.57,284.0,183081.02,17413.0
274,LA,2,BUTRANS,"PATCH, EXTENDED RELEASE",Purdue Pharma LP,TRANSDERMAL,CIII,13408.62,1944.41,30.0,15353.03,120.0
275,LA,2,DILAUDID,"INJECTION, SOLUTION",Purdue Pharma LP,INTRAMUSCULAR; INTRAVENOUS; SUBCUTANEOUS,CII,264.26,0.0,134.0,264.26,298.0
276,LA,2,EMBEDA,"CAPSULE, EXTENDED RELEASE",Pfizer Laboratories Div Pfizer Inc,ORAL,CII,0.0,0.0,0.0,0.0,0.0
277,LA,2,FENTANYL,PATCH,Par Pharmaceutical Inc.,TRANSDERMAL,CII,0.0,0.0,0.0,0.0,0.0
278,LA,2,FENTANYL,"PATCH, EXTENDED RELEASE",Apotex Corp.,TRANSDERMAL,CII,8402.01,27.58,143.0,8429.59,1359.0
279,LA,2,IBUDONE,"TABLET, FILM COATED",Poly Pharmaceuticals,ORAL,CII,0.0,0.0,0.0,0.0,0.0
280,LA,2,LORCET,TABLET,Mayne Pharma Inc.,ORAL,CII,0.0,0.0,0.0,0.0,0.0
281,LA,2,LORTAB,SYRUP,"Akorn, Inc.",ORAL,CII,0.0,0.0,0.0,0.0,0.0
282,LA,2,NUCYNTA ER,"TABLET, FILM COATED, EXTENDED RELEASE","Janssen Pharmaceuticals, Inc.",ORAL,CII,0.0,0.0,0.0,0.0,0.0
283,LA,2,OPANA ER,"TABLET, EXTENDED RELEASE","Endo Pharmaceuticals, Inc.",ORAL,CII,35817.23,562.36,49.0,36379.59,2808.0
284,LA,2,OXYCONTIN,"TABLET, FILM COATED, EXTENDED RELEASE",Purdue Pharma LP,ORAL,CII,137545.09,13528.76,235.0,151073.85,14018.0
285,MA,1,MS CONTIN,"TABLET, FILM COATED, EXTENDED RELEASE",Purdue Pharma LP,ORAL,CII,0.0,0.0,0.0,0.0,0.0
286,MA,1,NUCYNTA ER,"TABLET, FILM COATED, EXTENDED RELEASE","Janssen Pharmaceuticals, Inc.",ORAL,CII,8813.6,69.35,19.0,8882.95,879.0
287,MA,1,OXYCONTIN,"TABLET, FILM COATED, EXTENDED RELEASE",Purdue Pharma LP,ORAL,CII,1310275.81,22104.85,2614.0,1332380.66,153684.0
288,MA,2,MS CONTIN,"TABLET, FILM COATED, EXTENDED RELEASE",Purdue Pharma LP,ORAL,CII,0.0,0.0,0.0,0.0,0.0
289,MA,2,NUCYNTA ER,"TABLET, FILM COATED, EXTENDED RELEASE","Janssen Pharmaceuticals, Inc.",ORAL,CII,7068.85,58.4,16.0,7127.25,672.0
290,MA,2,OXYCONTIN,"TABLET, FILM COATED, EXTENDED RELEASE",Purdue Pharma LP,ORAL,CII,1292896.02,19264.15,2565.0,1312160.17,151595.0
291,MD,1,MS CONTIN,"TABLET, FILM COATED, EXTENDED RELEASE",Purdue Pharma LP,ORAL,CII,0.0,0.0,0.0,0.0,0.0
292,MD,1,NUCYNTA ER,"TABLET, FILM COATED, EXTENDED RELEASE","Janssen Pharmaceuticals, Inc.",ORAL,CII,48813.5,468.47,81.0,49281.97,4736.0
293,MD,1,OXYCONTIN,"TABLET, FILM COATED, EXTENDED RELEASE",Purdue Pharma LP,ORAL,CII,1151500.72,27921.18,2607.0,1179421.9,141916.0
294,MD,2,MS CONTIN,"TABLET, FILM COATED, EXTENDED RELEASE",Purdue Pharma LP,ORAL,CII,0.0,0.0,0.0,0.0,0.0
295,MD,2,NUCYNTA ER,"TABLET, FILM COATED, EXTENDED RELEASE","Janssen Pharmaceuticals, Inc.",ORAL,CII,43505.84,747.94,65.0,44253.78,3796.0
296,MD,2,OXYCONTIN,"TABLET, FILM COATED, EXTENDED RELEASE",Purdue Pharma LP,ORAL,CII,959595.37,16836.89,2207.0,976432.26,121130.0
297,ME,1,BUTRANS,"PATCH, EXTENDED RELEASE",Purdue Pharma LP,TRANSDERMAL,CIII,95121.73,2570.68,218.0,97692.41,797.0
298,ME,1,EMBEDA,"CAPSULE, EXTENDED RELEASE",Pfizer Laboratories Div Pfizer Inc,ORAL,CII,3564.48,0.0,15.0,3564.48,564.0
299,ME,1,EXALGO,"TABLET, EXTENDED RELEASE","Mallinckrodt, Inc",ORAL,CII,0.0,0.0,0.0,0.0,0.0
300,ME,1,FENTANYL,PATCH,Par Pharmaceutical Inc.,TRANSDERMAL,CII,0.0,0.0,0.0,0.0,0.0
301,ME,1,FENTANYL,"PATCH, EXTENDED RELEASE",Apotex Corp.,TRANSDERMAL,CII,11283.4,241.23,201.0,11524.63,1990.0
302,ME,1,FENTORA,TABLET,"Cephalon, Inc.",BUCCAL; SUBLINGUAL,CII,0.0,0.0,0.0,0.0,0.0
303,ME,1,KADIAN,"CAPSULE, EXTENDED RELEASE","Actavis Pharma, Inc.",ORAL,CII,0.0,0.0,0.0,0.0,0.0
304,ME,1,NUCYNTA ER,"TABLET, FILM COATED, EXTENDED RELEASE","Janssen Pharmaceuticals, Inc.",ORAL,CII,0.0,0.0,0.0,0.0,0.0
305,ME,1,OXYCONTIN,"TABLET, FILM COATED, EXTENDED RELEASE",Purdue Pharma LP,ORAL,CII,252103.91,14640.87,577.0,266744.78,31652.0
306,ME,2,BUTRANS,"PATCH, EXTENDED RELEASE",Purdue Pharma LP,TRANSDERMAL,CIII,95561.39,2064.33,213.0,97625.72,790.0
307,ME,2,EMBEDA,"CAPSULE, EXTENDED RELEASE",Pfizer Laboratories Div Pfizer Inc,ORAL,CII,0.0,0.0,0.0,0.0,0.0
308,ME,2,EXALGO,"TABLET, EXTENDED RELEASE","Mallinckrodt, Inc",ORAL,CII,0.0,0.0,0.0,0.0,0.0
309,ME,2,FENTANYL,PATCH,"Alvogen, Inc.",TRANSDERMAL,CII,0.0,0.0,0.0,0.0,0.0
310,ME,2,FENTANYL,PATCH,Par Pharmaceutical Inc.,TRANSDERMAL,CII,0.0,0.0,0.0,0.0,0.0
311,ME,2,FENTANYL,"PATCH, EXTENDED RELEASE",Apotex Corp.,TRANSDERMAL,CII,12246.51,826.85,231.0,13073.36,2148.0
312,ME,2,FENTORA,TABLET,"Cephalon, Inc.",BUCCAL; SUBLINGUAL,CII,0.0,0.0,0.0,0.0,0.0
313,ME,2,KADIAN,"CAPSULE, EXTENDED RELEASE","Actavis Pharma, Inc.",ORAL,CII,0.0,0.0,0.0,0.0,0.0
314,ME,2,LORTAB,SYRUP,"Akorn, Inc.",ORAL,CII,0.0,0.0,0.0,0.0,0.0
315,ME,2,NUCYNTA ER,"TABLET, FILM COATED, EXTENDED RELEASE","Janssen Pharmaceuticals, Inc.",ORAL,CII,0.0,0.0,0.0,0.0,0.0
316,ME,2,OXYCONTIN,"TABLET, FILM COATED, EXTENDED RELEASE",Purdue Pharma LP,ORAL,CII,227251.63,14759.01,525.0,242010.64,28424.0
317,MI,1,BUTRANS,"PATCH, EXTENDED RELEASE",Purdue Pharma LP,TRANSDERMAL,CIII,178270.29,1088.58,378.0,179358.87,1490.0
318,MI,1,DILAUDID,"INJECTION, SOLUTION",Purdue Pharma LP,INTRAMUSCULAR; INTRAVENOUS; SUBCUTANEOUS,CII,52.58,49.6,48.0,102.18,49.0
319,MI,1,DILAUDID,TABLET,Purdue Pharma LP,ORAL,CII,0.0,0.0,0.0,0.0,0.0
320,MI,1,EMBEDA,"CAPSULE, EXTENDED RELEASE",Pfizer Laboratories Div Pfizer Inc,ORAL,CII,0.0,0.0,0.0,0.0,0.0
321,MI,1,FENTANYL,PATCH,Par Pharmaceutical Inc.,TRANSDERMAL,CII,0.0,0.0,0.0,0.0,0.0
322,MI,1,FENTANYL,"PATCH, EXTENDED RELEASE",Apotex Corp.,TRANSDERMAL,CII,45884.41,184.99,555.0,46069.4,5102.0
323,MI,1,LORCET,TABLET,Mayne Pharma Inc.,ORAL,CII,1164.41,0.0,164.0,1164.41,6762.0
324,MI,1,LORTAB,SYRUP,"Akorn, Inc.",ORAL,CII,0.0,0.0,0.0,0.0,0.0
325,MI,1,MS CONTIN,"TABLET, FILM COATED, EXTENDED RELEASE",Purdue Pharma LP,ORAL,CII,0.0,0.0,0.0,0.0,0.0
326,MI,1,NORCO,TABLET,"Actavis Pharma, Inc.",ORAL,CII,0.0,0.0,0.0,0.0,0.0
327,MI,1,NUCYNTA ER,"TABLET, FILM COATED, EXTENDED RELEASE","Janssen Pharmaceuticals, Inc.",ORAL,CII,0.0,0.0,0.0,0.0,0.0
328,MI,1,OPANA ER,"TABLET, EXTENDED RELEASE","Endo Pharmaceuticals, Inc.",ORAL,CII,29604.73,0.0,23.0,29604.73,1788.0
329,MI,1,OXYCONTIN,"TABLET, FILM COATED, EXTENDED RELEASE",Purdue Pharma LP,ORAL,CII,332816.56,3533.11,547.0,336349.67,34932.0
330,MI,1,PERCOCET,TABLET,"Endo Pharmaceuticals, Inc.",ORAL,CII,0.0,0.0,0.0,0.0,0.0
331,MI,2,BUTRANS,"PATCH, EXTENDED RELEASE",Purdue Pharma LP,TRANSDERMAL,CIII,125771.38,1747.22,259.0,127518.6,1020.0
332,MI,2,DILAUDID,"INJECTION, SOLUTION",Purdue Pharma LP,INTRAMUSCULAR; INTRAVENOUS; SUBCUTANEOUS,CII,0.0,0.0,0.0,0.0,0.0
333,MI,2,EMBEDA,"CAPSULE, EXTENDED RELEASE",Pfizer Laboratories Div Pfizer Inc,ORAL,CII,0.0,0.0,0.0,0.0,0.0
334,MI,2,EXALGO,"TABLET, EXTENDED RELEASE","Mallinckrodt, Inc",ORAL,CII,0.0,0.0,0.0,0.0,0.0
335,MI,2,FENTANYL,PATCH,"Alvogen, Inc.",TRANSDERMAL,CII,0.0,0.0,0.0,0.0,0.0
336,MI,2,FENTANYL,PATCH,Par Pharmaceutical Inc.,TRANSDERMAL,CII,0.0,0.0,0.0,0.0,0.0
337,MI,2,FENTANYL,"PATCH, EXTENDED RELEASE",Apotex Corp.,TRANSDERMAL,CII,35769.01,249.95,448.0,36018.96,3930.0
338,MI,2,LORCET,TABLET,Mayne Pharma Inc.,ORAL,CII,1226.21,0.0,177.0,1226.21,6820.0
339,MI,2,LORTAB,SYRUP,"Akorn, Inc.",ORAL,CII,0.0,0.0,0.0,0.0,0.0
340,MI,2,MS CONTIN,"TABLET, FILM COATED, EXTENDED RELEASE",Purdue Pharma LP,ORAL,CII,0.0,0.0,0.0,0.0,0.0
341,MI,2,NORCO,TABLET,"Actavis Pharma, Inc.",ORAL,CII,0.0,0.0,0.0,0.0,0.0
342,MI,2,NUCYNTA ER,"TABLET, FILM COATED, EXTENDED RELEASE","Janssen Pharmaceuticals, Inc.",ORAL,CII,0.0,0.0,0.0,0.0,0.0
343,MI,2,OPANA ER,"TABLET, EXTENDED RELEASE","Endo Pharmaceuticals, Inc.",ORAL,CII,18760.32,0.0,14.0,18760.32,1128.0
344,MI,2,OXYCONTIN,"TABLET, FILM COATED, EXTENDED RELEASE",Purdue Pharma LP,ORAL,CII,244643.11,1441.27,419.0,246084.38,25502.0
345,MI,2,PERCOCET,TABLET,"Endo Pharmaceuticals, Inc.",ORAL,CII,0.0,0.0,0.0,0.0,0.0
346,MN,1,BUTRANS,"PATCH, EXTENDED RELEASE",Purdue Pharma LP,TRANSDERMAL,CIII,67305.67,49.31,127.0,67354.98,519.0
347,MN,1,DILAUDID,"INJECTION, SOLUTION",Purdue Pharma LP,INTRAMUSCULAR; INTRAVENOUS; SUBCUTANEOUS,CII,0.0,0.0,0.0,0.0,0.0
348,MN,1,DILAUDID,TABLET,Purdue Pharma LP,ORAL,CII,0.0,0.0,0.0,0.0,0.0
349,MN,1,EMBEDA,"CAPSULE, EXTENDED RELEASE",Pfizer Laboratories Div Pfizer Inc,ORAL,CII,0.0,0.0,0.0,0.0,0.0
350,MN,1,FENTANYL,PATCH,Par Pharmaceutical Inc.,TRANSDERMAL,CII,2765.19,2.0,19.0,2767.19,269.0
351,MN,1,FENTANYL,"PATCH, EXTENDED RELEASE",Apotex Corp.,TRANSDERMAL,CII,19065.59,18.0,299.0,19083.59,2707.0
352,MN,1,KADIAN,"CAPSULE, EXTENDED RELEASE","Actavis Pharma, Inc.",ORAL,CII,0.0,0.0,0.0,0.0,0.0
353,MN,1,LORTAB,SYRUP,"Akorn, Inc.",ORAL,CII,0.0,0.0,0.0,0.0,0.0
354,MN,1,MS CONTIN,"TABLET, FILM COATED, EXTENDED RELEASE",Purdue Pharma LP,ORAL,CII,0.0,0.0,0.0,0.0,0.0
355,MN,1,NORCO,TABLET,"Actavis Pharma, Inc.",ORAL,CII,0.0,0.0,0.0,0.0,0.0
356,MN,1,NUCYNTA ER,"TABLET, FILM COATED, EXTENDED RELEASE","Janssen Pharmaceuticals, Inc.",ORAL,CII,8519.07,24.0,17.0,8543.07,842.0
357,MN,1,OPANA ER,"TABLET, EXTENDED RELEASE","Endo Pharmaceuticals, Inc.",ORAL,CII,0.0,0.0,0.0,0.0,0.0
358,MN,1,OXYCONTIN,"TABLET, FILM COATED, EXTENDED RELEASE",Purdue Pharma LP,ORAL,CII,880339.25,2956.12,2145.0,883295.37,120732.0
359,MN,1,PERCOCET,TABLET,"Endo Pharmaceuticals, Inc.",ORAL,CII,0.0,0.0,0.0,0.0,0.0
360,MN,2,BUTRANS,"PATCH, EXTENDED RELEASE",Purdue Pharma LP,TRANSDERMAL,CIII,47914.16,79.1,91.0,47993.26,379.0
361,MN,2,DILAUDID,"INJECTION, SOLUTION",Purdue Pharma LP,INTRAMUSCULAR; INTRAVENOUS; SUBCUTANEOUS,CII,0.0,0.0,0.0,0.0,0.0
362,MN,2,DILAUDID,LIQUID,Purdue Pharma LP,ORAL,CII,0.0,0.0,0.0,0.0,0.0
363,MN,2,DILAUDID,TABLET,Purdue Pharma LP,ORAL,CII,0.0,0.0,0.0,0.0,0.0
364,MN,2,EMBEDA,"CAPSULE, EXTENDED RELEASE",Pfizer Laboratories Div Pfizer Inc,ORAL,CII,0.0,0.0,0.0,0.0,0.0
365,MN,2,FENTANYL,PATCH,"Alvogen, Inc.",TRANSDERMAL,CII,0.0,0.0,0.0,0.0,0.0
366,MN,2,FENTANYL,PATCH,Par Pharmaceutical Inc.,TRANSDERMAL,CII,0.0,0.0,0.0,0.0,0.0
367,MN,2,FENTANYL,"PATCH, EXTENDED RELEASE",Apotex Corp.,TRANSDERMAL,CII,17021.61,235.69,320.0,17257.3,2753.0
368,MN,2,KADIAN,"CAPSULE, EXTENDED RELEASE","Actavis Pharma, Inc.",ORAL,CII,0.0,0.0,0.0,0.0,0.0
369,MN,2,LORTAB,SYRUP,"Akorn, Inc.",ORAL,CII,0.0,0.0,0.0,0.0,0.0
370,MN,2,MS CONTIN,"TABLET, FILM COATED, EXTENDED RELEASE",Purdue Pharma LP,ORAL,CII,0.0,0.0,0.0,0.0,0.0
371,MN,2,NORCO,TABLET,"Actavis Pharma, Inc.",ORAL,CII,0.0,0.0,0.0,0.0,0.0
372,MN,2,NUCYNTA ER,"TABLET, FILM COATED, EXTENDED RELEASE","Janssen Pharmaceuticals, Inc.",ORAL,CII,0.0,0.0,0.0,0.0,0.0
373,MN,2,OPANA ER,"TABLET, EXTENDED RELEASE","Endo Pharmaceuticals, Inc.",ORAL,CII,0.0,0.0,0.0,0.0,0.0
374,MN,2,OXAYDO,TABLET,Egalet US Inc.,ORAL,CII,0.0,0.0,0.0,0.0,0.0
375,MN,2,OXYCONTIN,"TABLET, FILM COATED, EXTENDED RELEASE",Purdue Pharma LP,ORAL,CII,907394.73,7522.84,2164.0,914917.57,123943.0
376,MN,2,PERCOCET,TABLET,"Endo Pharmaceuticals, Inc.",ORAL,CII,0.0,0.0,0.0,0.0,0.0
377,MO,1,BUTRANS,"PATCH, EXTENDED RELEASE",Purdue Pharma LP,TRANSDERMAL,CIII,425812.49,412.25,868.0,426224.74,3530.0
378,MO,1,DILAUDID,"INJECTION, SOLUTION",Purdue Pharma LP,INTRAMUSCULAR; INTRAVENOUS; SUBCUTANEOUS,CII,203.51,0.0,15.0,203.51,24.0
379,MO,1,DILAUDID,TABLET,Purdue Pharma LP,ORAL,CII,0.0,0.0,0.0,0.0,0.0
380,MO,1,EMBEDA,"CAPSULE, EXTENDED RELEASE",Pfizer Laboratories Div Pfizer Inc,ORAL,CII,98762.18,0.0,198.0,98762.18,9346.0
381,MO,1,FENTANYL,PATCH,Par Pharmaceutical Inc.,TRANSDERMAL,CII,0.0,0.0,0.0,0.0,0.0
382,MO,1,FENTANYL,"PATCH, EXTENDED RELEASE",Apotex Corp.,TRANSDERMAL,CII,18676.31,376.36,281.0,19052.67,2432.0
383,MO,1,IBUDONE,"TABLET, FILM COATED",Poly Pharmaceuticals,ORAL,CII,2463.37,0.0,19.0,2463.37,1890.0
384,MO,1,KADIAN,"CAPSULE, EXTENDED RELEASE","Actavis Pharma, Inc.",ORAL,CII,0.0,0.0,0.0,0.0,0.0
385,MO,1,LORTAB,SYRUP,"Akorn, Inc.",ORAL,CII,3418.44,0.0,41.0,3418.44,7227.0
386,MO,1,NUCYNTA ER,"TABLET, FILM COATED, EXTENDED RELEASE","Janssen Pharmaceuticals, Inc.",ORAL,CII,11036.53,0.0,17.0,11036.53,1080.0
387,MO,1,OPANA ER,"TABLET, EXTENDED RELEASE","Endo Pharmaceuticals, Inc.",ORAL,CII,36588.75,0.0,47.0,36588.75,3064.0
388,MO,1,OXYCONTIN,"TABLET, FILM COATED, EXTENDED RELEASE",Purdue Pharma LP,ORAL,CII,3493764.85,9192.8,5465.0,3502957.65,336335.0
389,MO,1,PERCOCET,TABLET,"Endo Pharmaceuticals, Inc.",ORAL,CII,0.0,0.0,0.0,0.0,0.0
390,MO,1,TUSSIONEX,"SUSPENSION, EXTENDED RELEASE",Unither Manufacturing LLC,ORAL,CII,0.0,0.0,0.0,0.0,0.0
391,MO,2,ABSTRAL,TABLET,"Galena Biopharma, Inc.",SUBLINGUAL,CII,0.0,0.0,0.0,0.0,0.0
392,MO,2,BUTRANS,"PATCH, EXTENDED RELEASE",Purdue Pharma LP,TRANSDERMAL,CIII,356047.88,2376.17,756.0,358424.05,3028.0
393,MO,2,DILAUDID,"INJECTION, SOLUTION",Purdue Pharma LP,INTRAMUSCULAR; INTRAVENOUS; SUBCUTANEOUS,CII,0.0,0.0,0.0,0.0,0.0
394,MO,2,EMBEDA,"CAPSULE, EXTENDED RELEASE",Pfizer Laboratories Div Pfizer Inc,ORAL,CII,93570.73,0.0,205.0,93570.73,9518.0
395,MO,2,FENTANYL,PATCH,"Alvogen, Inc.",TRANSDERMAL,CII,0.0,0.0,0.0,0.0,0.0
396,MO,2,FENTANYL,PATCH,Par Pharmaceutical Inc.,TRANSDERMAL,CII,0.0,0.0,0.0,0.0,0.0
397,MO,2,FENTANYL,"PATCH, EXTENDED RELEASE",Apotex Corp.,TRANSDERMAL,CII,23004.51,84.35,260.0,23088.86,2451.0
398,MO,2,IBUDONE,"TABLET, FILM COATED",Poly Pharmaceuticals,ORAL,CII,2450.45,0.0,17.0,2450.45,1710.0
399,MO,2,KADIAN,"CAPSULE, EXTENDED RELEASE","Actavis Pharma, Inc.",ORAL,CII,51837.61,0.0,18.0,51837.61,1444.0
400,MO,2,LORCET,TABLET,Mayne Pharma Inc.,ORAL,CII,0.0,0.0,0.0,0.0,0.0
401,MO,2,LORTAB,SYRUP,"Akorn, Inc.",ORAL,CII,3058.46,0.0,37.0,3058.46,6829.0
402,MO,2,NORCO,TABLET,"Actavis Pharma, Inc.",ORAL,CII,0.0,0.0,0.0,0.0,0.0
403,MO,2,NUCYNTA ER,"TABLET, FILM COATED, EXTENDED RELEASE","Janssen Pharmaceuticals, Inc.",ORAL,CII,15617.28,0.0,30.0,15617.28,1762.0
404,MO,2,OPANA ER,"TABLET, EXTENDED RELEASE","Endo Pharmaceuticals, Inc.",ORAL,CII,28070.13,0.0,25.0,28070.13,1616.0
405,MO,2,OXAYDO,TABLET,Egalet US Inc.,ORAL,CII,0.0,0.0,0.0,0.0,0.0
406,MO,2,OXYCONTIN,"TABLET, FILM COATED, EXTENDED RELEASE",Purdue Pharma LP,ORAL,CII,3081741.25,9308.14,4948.0,3091049.39,305028.0
407,MO,2,PERCOCET,TABLET,"Endo Pharmaceuticals, Inc.",ORAL,CII,0.0,0.0,0.0,0.0,0.0
408,MO,2,TUSSIONEX,"SUSPENSION, EXTENDED RELEASE",Unither Manufacturing LLC,ORAL,CII,0.0,0.0,0.0,0.0,0.0
409,MS,1,NUCYNTA ER,"TABLET, FILM COATED, EXTENDED RELEASE","Janssen Pharmaceuticals, Inc.",ORAL,CII,0.0,0.0,0.0,0.0,0.0
410,MS,1,OXYCONTIN,"TABLET, FILM COATED, EXTENDED RELEASE",Purdue Pharma LP,ORAL,CII,91559.87,162.0,103.0,91721.87,6452.0
411,MS,2,NUCYNTA ER,"TABLET, FILM COATED, EXTENDED RELEASE","Janssen Pharmaceuticals, Inc.",ORAL,CII,0.0,0.0,0.0,0.0,0.0
412,MS,2,OXYCONTIN,"TABLET, FILM COATED, EXTENDED RELEASE",Purdue Pharma LP,ORAL,CII,77562.55,252.0,84.0,77814.55,5372.0
413,MT,1,NUCYNTA ER,"TABLET, FILM COATED, EXTENDED RELEASE","Janssen Pharmaceuticals, Inc.",ORAL,CII,0.0,0.0,0.0,0.0,0.0
414,MT,1,OXYCONTIN,"TABLET, FILM COATED, EXTENDED RELEASE",Purdue Pharma LP,ORAL,CII,209876.59,919.89,458.0,210796.48,25313.0
415,MT,2,NUCYNTA ER,"TABLET, FILM COATED, EXTENDED RELEASE","Janssen Pharmaceuticals, Inc.",ORAL,CII,0.0,0.0,0.0,0.0,0.0
416,MT,2,OXYCONTIN,"TABLET, FILM COATED, EXTENDED RELEASE",Purdue Pharma LP,ORAL,CII,204288.41,1621.89,455.0,205910.3,24498.0
417,NC,1,BUTRANS,"PATCH, EXTENDED RELEASE",Purdue Pharma LP,TRANSDERMAL,CIII,613902.09,6435.63,1530.0,620337.72,6101.0
418,NC,1,DILAUDID,TABLET,Purdue Pharma LP,ORAL,CII,0.0,0.0,0.0,0.0,0.0
419,NC,1,EMBEDA,"CAPSULE, EXTENDED RELEASE",Pfizer Laboratories Div Pfizer Inc,ORAL,CII,417760.91,1896.73,1094.0,419657.64,48342.0
420,NC,1,EXALGO,"TABLET, EXTENDED RELEASE","Mallinckrodt, Inc",ORAL,CII,0.0,0.0,0.0,0.0,0.0
421,NC,1,FENTANYL,PATCH,"Alvogen, Inc.",TRANSDERMAL,CII,0.0,0.0,0.0,0.0,0.0
422,NC,1,FENTANYL,PATCH,Par Pharmaceutical Inc.,TRANSDERMAL,CII,3327.05,0.0,35.0,3327.05,335.0
423,NC,1,FENTANYL,"PATCH, EXTENDED RELEASE",Apotex Corp.,TRANSDERMAL,CII,24548.65,61.17,340.0,24609.82,3419.0
424,NC,1,FENTORA,TABLET,"Cephalon, Inc.",BUCCAL; SUBLINGUAL,CII,0.0,0.0,0.0,0.0,0.0
425,NC,1,IBUDONE,"TABLET, FILM COATED",Poly Pharmaceuticals,ORAL,CII,0.0,0.0,0.0,0.0,0.0
426,NC,1,KADIAN,"CAPSULE, EXTENDED RELEASE","Actavis Pharma, Inc.",ORAL,CII,0.0,0.0,0.0,0.0,0.0
427,NC,1,LORTAB,SYRUP,"Akorn, Inc.",ORAL,CII,2754.84,0.0,30.0,2754.84,7172.0
428,NC,1,MS CONTIN,"TABLET, FILM COATED, EXTENDED RELEASE",Purdue Pharma LP,ORAL,CII,0.0,0.0,0.0,0.0,0.0
429,NC,1,NORCO,TABLET,"Actavis Pharma, Inc.",ORAL,CII,0.0,0.0,0.0,0.0,0.0
430,NC,1,NUCYNTA ER,"TABLET, FILM COATED, EXTENDED RELEASE","Janssen Pharmaceuticals, Inc.",ORAL,CII,337616.31,10475.67,554.0,348091.98,33004.0
431,NC,1,OPANA ER,"TABLET, EXTENDED RELEASE","Endo Pharmaceuticals, Inc.",ORAL,CII,1157145.37,3637.3,2176.0,1160782.67,130239.0
432,NC,1,OXYCONTIN,"TABLET, FILM COATED, EXTENDED RELEASE",Purdue Pharma LP,ORAL,CII,3118822.17,34242.14,7481.0,3153064.31,453957.0
433,NC,1,PERCOCET,TABLET,"Endo Pharmaceuticals, Inc.",ORAL,CII,0.0,0.0,0.0,0.0,0.0
434,NC,2,BUTRANS,"PATCH, EXTENDED RELEASE",Purdue Pharma LP,TRANSDERMAL,CIII,513848.29,2344.52,1242.0,516192.81,4994.0
435,NC,2,DILAUDID,TABLET,Purdue Pharma LP,ORAL,CII,0.0,0.0,0.0,0.0,0.0
436,NC,2,EMBEDA,"CAPSULE, EXTENDED RELEASE",Pfizer Laboratories Div Pfizer Inc,ORAL,CII,337691.67,795.94,927.0,338487.61,40455.0
437,NC,2,EXALGO,"TABLET, EXTENDED RELEASE","Mallinckrodt, Inc",ORAL,CII,0.0,0.0,0.0,0.0,0.0
438,NC,2,FENTANYL,PATCH,"Alvogen, Inc.",TRANSDERMAL,CII,0.0,0.0,0.0,0.0,0.0
439,NC,2,FENTANYL,PATCH,Par Pharmaceutical Inc.,TRANSDERMAL,CII,1014.09,0.0,15.0,1014.09,155.0
440,NC,2,FENTANYL,"PATCH, EXTENDED RELEASE",Apotex Corp.,TRANSDERMAL,CII,19563.29,140.6,282.0,19703.89,2777.0
441,NC,2,FENTORA,TABLET,"Cephalon, Inc.",BUCCAL; SUBLINGUAL,CII,0.0,0.0,0.0,0.0,0.0
442,NC,2,KADIAN,"CAPSULE, EXTENDED RELEASE","Actavis Pharma, Inc.",ORAL,CII,0.0,0.0,0.0,0.0,0.0
443,NC,2,LORTAB,SYRUP,"Akorn, Inc.",ORAL,CII,0.0,0.0,0.0,0.0,0.0
444,NC,2,MS CONTIN,TABLET,Rhodes Pharmaceuticals L.P.,ORAL,CII,0.0,0.0,0.0,0.0,0.0
445,NC,2,MS CONTIN,"TABLET, FILM COATED, EXTENDED RELEASE",Purdue Pharma LP,ORAL,CII,3123.31,0.0,13.0,3123.31,700.0
446,NC,2,NORCO,TABLET,"Actavis Pharma, Inc.",ORAL,CII,0.0,0.0,0.0,0.0,0.0
447,NC,2,NUCYNTA ER,"TABLET, FILM COATED, EXTENDED RELEASE","Janssen Pharmaceuticals, Inc.",ORAL,CII,331863.09,14212.81,517.0,346075.9,30571.0
448,NC,2,OPANA ER,"TABLET, EXTENDED RELEASE","Endo Pharmaceuticals, Inc.",ORAL,CII,858834.19,652.21,1543.0,859486.4,93885.0
449,NC,2,OXAYDO,TABLET,Egalet US Inc.,ORAL,CII,0.0,0.0,0.0,0.0,0.0
450,NC,2,OXYCONTIN,"TABLET, FILM COATED, EXTENDED RELEASE",Purdue Pharma LP,ORAL,CII,2616857.04,34452.77,6117.0,2651309.81,370664.0
451,NC,2,PERCOCET,TABLET,"Endo Pharmaceuticals, Inc.",ORAL,CII,0.0,0.0,0.0,0.0,0.0
452,ND,1,NUCYNTA ER,"TABLET, FILM COATED, EXTENDED RELEASE","Janssen Pharmaceuticals, Inc.",ORAL,CII,0.0,0.0,0.0,0.0,0.0
453,ND,1,OXYCONTIN,"TABLET, FILM COATED, EXTENDED RELEASE",Purdue Pharma LP,ORAL,CII,16082.5,0.0,66.0,16082.5,3154.0
454,ND,2,NUCYNTA ER,"TABLET, FILM COATED, EXTENDED RELEASE","Janssen Pharmaceuticals, Inc.",ORAL,CII,0.0,0.0,0.0,0.0,0.0
455,ND,2,OXYCONTIN,"TABLET, FILM COATED, EXTENDED RELEASE",Purdue Pharma LP,ORAL,CII,12474.64,153.0,55.0,12627.64,2484.0
456,NE,1,LORTAB,SYRUP,"Akorn, Inc.",ORAL,CII,0.0,0.0,0.0,0.0,0.0
457,NE,1,NUCYNTA ER,"TABLET, FILM COATED, EXTENDED RELEASE","Janssen Pharmaceuticals, Inc.",ORAL,CII,0.0,0.0,0.0,0.0,0.0
458,NE,1,OPANA ER,"TABLET, EXTENDED RELEASE","Endo Pharmaceuticals, Inc.",ORAL,CII,7686.16,5887.32,20.0,13573.48,1050.0
459,NE,1,OXYCONTIN,"TABLET, FILM COATED, EXTENDED RELEASE",Purdue Pharma LP,ORAL,CII,583863.63,28991.08,1324.0,612854.71,75031.0
460,NE,2,LORTAB,SYRUP,"Akorn, Inc.",ORAL,CII,0.0,0.0,0.0,0.0,0.0
461,NE,2,NUCYNTA ER,"TABLET, FILM COATED, EXTENDED RELEASE","Janssen Pharmaceuticals, Inc.",ORAL,CII,0.0,0.0,0.0,0.0,0.0
462,NE,2,OPANA ER,"TABLET, EXTENDED RELEASE","Endo Pharmaceuticals, Inc.",ORAL,CII,0.0,0.0,0.0,0.0,0.0
463,NE,2,OXYCONTIN,"TABLET, FILM COATED, EXTENDED RELEASE",Purdue Pharma LP,ORAL,CII,478477.2,2997.92,1042.0,481475.12,59101.0
464,NH,1,BUTRANS,"PATCH, EXTENDED RELEASE",Purdue Pharma LP,TRANSDERMAL,CIII,25776.4,999.64,52.0,26776.04,207.0
465,NH,1,DILAUDID,TABLET,Purdue Pharma LP,ORAL,CII,0.0,0.0,0.0,0.0,0.0
466,NH,1,FENTANYL,"PATCH, EXTENDED RELEASE",Apotex Corp.,TRANSDERMAL,CII,3703.27,31.92,43.0,3735.19,432.0
467,NH,1,KADIAN,"CAPSULE, EXTENDED RELEASE","Actavis Pharma, Inc.",ORAL,CII,0.0,0.0,0.0,0.0,0.0
468,NH,1,NUCYNTA ER,"TABLET, FILM COATED, EXTENDED RELEASE","Janssen Pharmaceuticals, Inc.",ORAL,CII,11263.41,0.0,13.0,11263.41,706.0
469,NH,1,OPANA ER,"TABLET, EXTENDED RELEASE","Endo Pharmaceuticals, Inc.",ORAL,CII,0.0,0.0,0.0,0.0,0.0
470,NH,1,OXYCONTIN,"TABLET, FILM COATED, EXTENDED RELEASE",Purdue Pharma LP,ORAL,CII,156443.28,0.0,321.0,156443.28,18946.0
471,NH,1,PERCOCET,TABLET,"Endo Pharmaceuticals, Inc.",ORAL,CII,0.0,0.0,0.0,0.0,0.0
472,NH,1,TUSSIONEX,"SUSPENSION, EXTENDED RELEASE",Unither Manufacturing LLC,ORAL,CII,0.0,0.0,0.0,0.0,0.0
473,NH,2,BUTRANS,"PATCH, EXTENDED RELEASE",Purdue Pharma LP,TRANSDERMAL,CIII,8548.54,0.0,13.0,8548.54,52.0
474,NH,2,EMBEDA,"CAPSULE, EXTENDED RELEASE",Pfizer Laboratories Div Pfizer Inc,ORAL,CII,0.0,0.0,0.0,0.0,0.0
475,NH,2,FENTANYL,PATCH,"Alvogen, Inc.",TRANSDERMAL,CII,0.0,0.0,0.0,0.0,0.0
476,NH,2,FENTANYL,PATCH,Par Pharmaceutical Inc.,TRANSDERMAL,CII,0.0,0.0,0.0,0.0,0.0
477,NH,2,FENTANYL,"PATCH, EXTENDED RELEASE",Apotex Corp.,TRANSDERMAL,CII,4091.45,0.0,39.0,4091.45,375.0
478,NH,2,NUCYNTA ER,"TABLET, FILM COATED, EXTENDED RELEASE","Janssen Pharmaceuticals, Inc.",ORAL,CII,13126.1,0.0,14.0,13126.1,760.0
479,NH,2,OPANA ER,"TABLET, EXTENDED RELEASE","Endo Pharmaceuticals, Inc.",ORAL,CII,0.0,0.0,0.0,0.0,0.0
480,NH,2,OXYCONTIN,"TABLET, FILM COATED, EXTENDED RELEASE",Purdue Pharma LP,ORAL,CII,135978.71,0.0,276.0,135978.71,17195.0
481,NH,2,PERCOCET,TABLET,"Endo Pharmaceuticals, Inc.",ORAL,CII,0.0,0.0,0.0,0.0,0.0
482,NH,2,TUSSIONEX,"SUSPENSION, EXTENDED RELEASE",Unither Manufacturing LLC,ORAL,CII,0.0,0.0,0.0,0.0,0.0
483,NJ,1,LORTAB,SYRUP,"Akorn, Inc.",ORAL,CII,0.0,0.0,0.0,0.0,0.0
484,NJ,1,NUCYNTA ER,"TABLET, FILM COATED, EXTENDED RELEASE","Janssen Pharmaceuticals, Inc.",ORAL,CII,0.0,0.0,0.0,0.0,0.0
485,NJ,1,OPANA ER,"TABLET, EXTENDED RELEASE","Endo Pharmaceuticals, Inc.",ORAL,CII,0.0,0.0,0.0,0.0,0.0
486,NJ,1,OXYCONTIN,"TABLET, FILM COATED, EXTENDED RELEASE",Purdue Pharma LP,ORAL,CII,635642.16,13373.27,1215.0,649015.43,63840.0
487,NJ,2,NUCYNTA ER,"TABLET, FILM COATED, EXTENDED RELEASE","Janssen Pharmaceuticals, Inc.",ORAL,CII,0.0,0.0,0.0,0.0,0.0
488,NJ,2,OPANA ER,"TABLET, EXTENDED RELEASE","Endo Pharmaceuticals, Inc.",ORAL,CII,0.0,0.0,0.0,0.0,0.0
489,NJ,2,OXYCONTIN,"TABLET, FILM COATED, EXTENDED RELEASE",Purdue Pharma LP,ORAL,CII,394646.2,8401.14,715.0,403047.34,38220.0
490,NM,1,NUCYNTA ER,"TABLET, FILM COATED, EXTENDED RELEASE","Janssen Pharmaceuticals, Inc.",ORAL,CII,0.0,0.0,0.0,0.0,0.0
491,NM,1,OXYCONTIN,"TABLET, FILM COATED, EXTENDED RELEASE",Purdue Pharma LP,ORAL,CII,129852.63,2209.02,276.0,132061.65,16849.0
492,NM,2,NUCYNTA ER,"TABLET, FILM COATED, EXTENDED RELEASE","Janssen Pharmaceuticals, Inc.",ORAL,CII,0.0,0.0,0.0,0.0,0.0
493,NM,2,OXYCONTIN,"TABLET, FILM COATED, EXTENDED RELEASE",Purdue Pharma LP,ORAL,CII,157425.73,2022.54,241.0,159448.27,14705.0
494,NV,1,LORTAB,SYRUP,"Akorn, Inc.",ORAL,CII,1830.5,105.34,13.0,1935.84,4795.0
495,NV,1,MS CONTIN,"TABLET, FILM COATED, EXTENDED RELEASE",Purdue Pharma LP,ORAL,CII,0.0,0.0,0.0,0.0,0.0
496,NV,1,NUCYNTA ER,"TABLET, FILM COATED, EXTENDED RELEASE","Janssen Pharmaceuticals, Inc.",ORAL,CII,0.0,0.0,0.0,0.0,0.0
497,NV,1,OPANA ER,"TABLET, EXTENDED RELEASE","Endo Pharmaceuticals, Inc.",ORAL,CII,21182.25,4570.16,30.0,25752.41,2008.0
498,NV,1,OXYCONTIN,"TABLET, FILM COATED, EXTENDED RELEASE",Purdue Pharma LP,ORAL,CII,184155.79,50078.46,511.0,234234.25,28041.0
499,NV,2,LORTAB,SYRUP,"Akorn, Inc.",ORAL,CII,0.0,0.0,0.0,0.0,0.0
500,NV,2,NUCYNTA ER,"TABLET, FILM COATED, EXTENDED RELEASE","Janssen Pharmaceuticals, Inc.",ORAL,CII,8910.32,1030.59,27.0,9940.91,1310.0
501,NV,2,OPANA ER,"TABLET, EXTENDED RELEASE","Endo Pharmaceuticals, Inc.",ORAL,CII,21676.52,2300.03,30.0,23976.55,1875.0
502,NV,2,OXYCONTIN,"TABLET, FILM COATED, EXTENDED RELEASE",Purdue Pharma LP,ORAL,CII,158430.8,42885.38,475.0,201316.18,24829.0
503,NY,1,LORTAB,SYRUP,"Akorn, Inc.",ORAL,CII,0.0,0.0,0.0,0.0,0.0
504,NY,1,MS CONTIN,"TABLET, FILM COATED, EXTENDED RELEASE",Purdue Pharma LP,ORAL,CII,0.0,0.0,0.0,0.0,0.0
505,NY,1,NUCYNTA ER,"TABLET, FILM COATED, EXTENDED RELEASE","Janssen Pharmaceuticals, Inc.",ORAL,CII,160503.03,0.0,254.0,160503.03,14907.0
506,NY,1,OPANA ER,"TABLET, EXTENDED RELEASE","Endo Pharmaceuticals, Inc.",ORAL,CII,52046.47,0.0,67.0,52046.47,4164.0
507,NY,1,OXYCONTIN,"TABLET, FILM COATED, EXTENDED RELEASE",Purdue Pharma LP,ORAL,CII,1927438.85,30180.5,3033.0,1957619.35,199748.0
508,NY,2,LORTAB,SYRUP,"Akorn, Inc.",ORAL,CII,0.0,0.0,0.0,0.0,0.0
509,NY,2,MS CONTIN,"TABLET, FILM COATED, EXTENDED RELEASE",Purdue Pharma LP,ORAL,CII,0.0,0.0,0.0,0.0,0.0
510,NY,2,NUCYNTA ER,"TABLET, FILM COATED, EXTENDED RELEASE","Janssen Pharmaceuticals, Inc.",ORAL,CII,217421.55,0.0,344.0,217421.55,19539.0
511,NY,2,OPANA ER,"TABLET, EXTENDED RELEASE","Endo Pharmaceuticals, Inc.",ORAL,CII,70635.81,0.0,84.0,70635.81,5636.0
512,NY,2,OXYCONTIN,"TABLET, FILM COATED, EXTENDED RELEASE",Purdue Pharma LP,ORAL,CII,1996848.78,30044.96,3211.0,2026893.74,208311.0
513,OH,1,LORTAB,SYRUP,"Akorn, Inc.",ORAL,CII,0.0,0.0,0.0,0.0,0.0
514,OH,1,MS CONTIN,"TABLET, FILM COATED, EXTENDED RELEASE",Purdue Pharma LP,ORAL,CII,0.0,0.0,0.0,0.0,0.0
515,OH,1,NUCYNTA ER,"TABLET, FILM COATED, EXTENDED RELEASE","Janssen Pharmaceuticals, Inc.",ORAL,CII,98635.79,0.0,200.0,98635.79,11204.0
516,OH,1,OPANA ER,"TABLET, EXTENDED RELEASE","Endo Pharmaceuticals, Inc.",ORAL,CII,13915.78,0.0,21.0,13915.78,1138.0
517,OH,1,OXYCONTIN,"TABLET, FILM COATED, EXTENDED RELEASE",Purdue Pharma LP,ORAL,CII,2001712.32,6108.94,3487.0,2007821.26,217667.0
518,OH,1,REPREXAIN,"TABLET, FILM COATED","Gemini Laboratories, LLC",ORAL,CII,0.0,0.0,0.0,0.0,0.0
519,OH,2,LORTAB,SYRUP,"Akorn, Inc.",ORAL,CII,0.0,0.0,0.0,0.0,0.0
520,OH,2,MS CONTIN,"TABLET, FILM COATED, EXTENDED RELEASE",Purdue Pharma LP,ORAL,CII,0.0,0.0,0.0,0.0,0.0
521,OH,2,NUCYNTA ER,"TABLET, FILM COATED, EXTENDED RELEASE","Janssen Pharmaceuticals, Inc.",ORAL,CII,117744.75,1905.53,257.0,119650.28,14398.0
522,OH,2,OPANA ER,"TABLET, EXTENDED RELEASE","Endo Pharmaceuticals, Inc.",ORAL,CII,15689.26,0.0,34.0,15689.26,1965.0
523,OH,2,OXYCONTIN,"TABLET, FILM COATED, EXTENDED RELEASE",Purdue Pharma LP,ORAL,CII,1885221.46,9934.01,3483.0,1895155.47,215545.0
524,OK,1,FENTANYL,PATCH,Par Pharmaceutical Inc.,TRANSDERMAL,CII,0.0,0.0,0.0,0.0,0.0
525,OK,1,MS CONTIN,"TABLET, FILM COATED, EXTENDED RELEASE",Purdue Pharma LP,ORAL,CII,0.0,0.0,0.0,0.0,0.0
526,OK,1,NUCYNTA ER,"TABLET, FILM COATED, EXTENDED RELEASE","Janssen Pharmaceuticals, Inc.",ORAL,CII,8571.88,16.0,16.0,8587.88,890.0
527,OK,1,OPANA ER,"TABLET, EXTENDED RELEASE","Endo Pharmaceuticals, Inc.",ORAL,CII,18733.73,92.0,27.0,18825.73,1518.0
528,OK,1,OXYCONTIN,"TABLET, FILM COATED, EXTENDED RELEASE",Purdue Pharma LP,ORAL,CII,1509973.95,15635.41,3061.0,1525609.36,178937.0
529,OK,2,FENTANYL,PATCH,Par Pharmaceutical Inc.,TRANSDERMAL,CII,0.0,0.0,0.0,0.0,0.0
530,OK,2,MS CONTIN,"TABLET, FILM COATED, EXTENDED RELEASE",Purdue Pharma LP,ORAL,CII,0.0,0.0,0.0,0.0,0.0
531,OK,2,NUCYNTA ER,"TABLET, FILM COATED, EXTENDED RELEASE","Janssen Pharmaceuticals, Inc.",ORAL,CII,8976.4,24.0,16.0,9000.4,872.0
532,OK,2,OPANA ER,"TABLET, EXTENDED RELEASE","Endo Pharmaceuticals, Inc.",ORAL,CII,16943.74,90.0,26.0,17033.74,1366.0
533,OK,2,OXYCONTIN,"TABLET, FILM COATED, EXTENDED RELEASE",Purdue Pharma LP,ORAL,CII,1453615.82,17203.44,2997.0,1470819.26,174062.0
534,OR,1,FENTANYL,PATCH,Par Pharmaceutical Inc.,TRANSDERMAL,CII,0.0,0.0,0.0,0.0,0.0
535,OR,1,NUCYNTA ER,"TABLET, FILM COATED, EXTENDED RELEASE","Janssen Pharmaceuticals, Inc.",ORAL,CII,0.0,0.0,0.0,0.0,0.0
536,OR,1,OPANA ER,"TABLET, EXTENDED RELEASE","Endo Pharmaceuticals, Inc.",ORAL,CII,0.0,0.0,0.0,0.0,0.0
537,OR,1,OXYCONTIN,"TABLET, FILM COATED, EXTENDED RELEASE",Purdue Pharma LP,ORAL,CII,299390.13,0.0,666.0,299390.13,42023.0
538,OR,2,FENTANYL,PATCH,Par Pharmaceutical Inc.,TRANSDERMAL,CII,0.0,0.0,0.0,0.0,0.0
539,OR,2,LORTAB,SYRUP,"Akorn, Inc.",ORAL,CII,0.0,0.0,0.0,0.0,0.0
540,OR,2,NUCYNTA ER,"TABLET, FILM COATED, EXTENDED RELEASE","Janssen Pharmaceuticals, Inc.",ORAL,CII,0.0,0.0,0.0,0.0,0.0
541,OR,2,OPANA ER,"TABLET, EXTENDED RELEASE","Endo Pharmaceuticals, Inc.",ORAL,CII,0.0,0.0,0.0,0.0,0.0
542,OR,2,OXYCONTIN,"TABLET, FILM COATED, EXTENDED RELEASE",Purdue Pharma LP,ORAL,CII,297805.45,0.0,652.0,297805.45,40215.0
543,PA,1,LORTAB,SYRUP,"Akorn, Inc.",ORAL,CII,0.0,0.0,0.0,0.0,0.0
544,PA,1,NUCYNTA ER,"TABLET, FILM COATED, EXTENDED RELEASE","Janssen Pharmaceuticals, Inc.",ORAL,CII,69051.04,7507.74,123.0,76558.78,7170.0
545,PA,1,OPANA ER,"TABLET, EXTENDED RELEASE","Endo Pharmaceuticals, Inc.",ORAL,CII,19024.87,0.0,27.0,19024.87,1508.0
546,PA,1,OXYCONTIN,"TABLET, FILM COATED, EXTENDED RELEASE",Purdue Pharma LP,ORAL,CII,1393098.74,60678.37,2711.0,1453777.11,161123.0
547,PA,2,LORTAB,SYRUP,"Akorn, Inc.",ORAL,CII,0.0,0.0,0.0,0.0,0.0
548,PA,2,NUCYNTA ER,"TABLET, FILM COATED, EXTENDED RELEASE","Janssen Pharmaceuticals, Inc.",ORAL,CII,88276.43,6585.95,133.0,94862.38,7720.0
549,PA,2,OPANA ER,"TABLET, EXTENDED RELEASE","Endo Pharmaceuticals, Inc.",ORAL,CII,18754.05,0.0,25.0,18754.05,1458.0
550,PA,2,OXYCONTIN,"TABLET, FILM COATED, EXTENDED RELEASE",Purdue Pharma LP,ORAL,CII,1416142.76,70115.93,2699.0,1486258.69,162669.0
551,RI,1,NUCYNTA ER,"TABLET, FILM COATED, EXTENDED RELEASE","Janssen Pharmaceuticals, Inc.",ORAL,CII,0.0,0.0,0.0,0.0,0.0
552,RI,1,OXYCONTIN,"TABLET, FILM COATED, EXTENDED RELEASE",Purdue Pharma LP,ORAL,CII,178967.65,0.0,237.0,178967.65,15893.0
553,RI,2,NUCYNTA ER,"TABLET, FILM COATED, EXTENDED RELEASE","Janssen Pharmaceuticals, Inc.",ORAL,CII,0.0,0.0,0.0,0.0,0.0
554,RI,2,OXYCONTIN,"TABLET, FILM COATED, EXTENDED RELEASE",Purdue Pharma LP,ORAL,CII,161839.3,0.0,228.0,161839.3,14227.0
555,SC,1,BUTRANS,"PATCH, EXTENDED RELEASE",Purdue Pharma LP,TRANSDERMAL,CIII,20879.72,0.0,56.0,20879.72,224.0
556,SC,1,EMBEDA,"CAPSULE, EXTENDED RELEASE",Pfizer Laboratories Div Pfizer Inc,ORAL,CII,0.0,0.0,0.0,0.0,0.0
557,SC,1,FENTANYL,PATCH,Par Pharmaceutical Inc.,TRANSDERMAL,CII,0.0,0.0,0.0,0.0,0.0
558,SC,1,FENTANYL,"PATCH, EXTENDED RELEASE",Apotex Corp.,TRANSDERMAL,CII,7522.44,0.0,92.0,7522.44,912.0
559,SC,1,LORTAB,SYRUP,"Akorn, Inc.",ORAL,CII,0.0,0.0,0.0,0.0,0.0
560,SC,1,NUCYNTA ER,"TABLET, FILM COATED, EXTENDED RELEASE","Janssen Pharmaceuticals, Inc.",ORAL,CII,16944.19,0.0,27.0,16944.19,1730.0
561,SC,1,OPANA ER,"TABLET, EXTENDED RELEASE","Endo Pharmaceuticals, Inc.",ORAL,CII,0.0,0.0,0.0,0.0,0.0
562,SC,1,OXYCONTIN,"TABLET, FILM COATED, EXTENDED RELEASE",Purdue Pharma LP,ORAL,CII,287890.6,79.42,531.0,287970.02,33653.0
563,SC,2,BUTRANS,"PATCH, EXTENDED RELEASE",Purdue Pharma LP,TRANSDERMAL,CIII,12309.74,0.0,27.0,12309.74,104.0
564,SC,2,EMBEDA,"CAPSULE, EXTENDED RELEASE",Pfizer Laboratories Div Pfizer Inc,ORAL,CII,0.0,0.0,0.0,0.0,0.0
565,SC,2,FENTANYL,PATCH,"Alvogen, Inc.",TRANSDERMAL,CII,0.0,0.0,0.0,0.0,0.0
566,SC,2,FENTANYL,PATCH,Par Pharmaceutical Inc.,TRANSDERMAL,CII,0.0,0.0,0.0,0.0,0.0
567,SC,2,FENTANYL,"PATCH, EXTENDED RELEASE",Apotex Corp.,TRANSDERMAL,CII,4409.44,0.0,50.0,4409.44,484.0
568,SC,2,LORTAB,SYRUP,"Akorn, Inc.",ORAL,CII,0.0,0.0,0.0,0.0,0.0
569,SC,2,NUCYNTA ER,"TABLET, FILM COATED, EXTENDED RELEASE","Janssen Pharmaceuticals, Inc.",ORAL,CII,15529.63,0.0,23.0,15529.63,1500.0
570,SC,2,OPANA ER,"TABLET, EXTENDED RELEASE","Endo Pharmaceuticals, Inc.",ORAL,CII,0.0,0.0,0.0,0.0,0.0
571,SC,2,OXYCONTIN,"TABLET, FILM COATED, EXTENDED RELEASE",Purdue Pharma LP,ORAL,CII,181230.38,0.0,365.0,181230.38,22298.0
572,SD,1,LORTAB,SYRUP,"Akorn, Inc.",ORAL,CII,0.0,0.0,0.0,0.0,0.0
573,SD,1,NUCYNTA ER,"TABLET, FILM COATED, EXTENDED RELEASE","Janssen Pharmaceuticals, Inc.",ORAL,CII,0.0,0.0,0.0,0.0,0.0
574,SD,1,OPANA ER,"TABLET, EXTENDED RELEASE","Endo Pharmaceuticals, Inc.",ORAL,CII,0.0,0.0,0.0,0.0,0.0
575,SD,1,OXYCONTIN,"TABLET, FILM COATED, EXTENDED RELEASE",Purdue Pharma LP,ORAL,CII,96084.18,2279.64,283.0,98363.82,14132.0
576,SD,2,NUCYNTA ER,"TABLET, FILM COATED, EXTENDED RELEASE","Janssen Pharmaceuticals, Inc.",ORAL,CII,0.0,0.0,0.0,0.0,0.0
577,SD,2,OXYCONTIN,"TABLET, FILM COATED, EXTENDED RELEASE",Purdue Pharma LP,ORAL,CII,81439.15,670.45,248.0,82109.6,11997.0
578,TN,1,BUTRANS,"PATCH, EXTENDED RELEASE",Purdue Pharma LP,TRANSDERMAL,CIII,0.0,0.0,0.0,0.0,0.0
579,TN,1,EMBEDA,"CAPSULE, EXTENDED RELEASE",Pfizer Laboratories Div Pfizer Inc,ORAL,CII,1693452.6,2285.49,3640.0,1695738.09,177701.0
580,TN,1,FENTANYL,PATCH,Par Pharmaceutical Inc.,TRANSDERMAL,CII,0.0,0.0,0.0,0.0,0.0
581,TN,1,FENTANYL,"PATCH, EXTENDED RELEASE",Apotex Corp.,TRANSDERMAL,CII,14516.86,0.0,240.0,14516.86,2344.0
582,TN,1,IBUDONE,"TABLET, FILM COATED",Poly Pharmaceuticals,ORAL,CII,0.0,0.0,0.0,0.0,0.0
583,TN,1,KADIAN,"CAPSULE, EXTENDED RELEASE","Actavis Pharma, Inc.",ORAL,CII,1021582.35,247.58,1271.0,1021829.93,65139.0
584,TN,1,LORTAB,SYRUP,"Akorn, Inc.",ORAL,CII,0.0,0.0,0.0,0.0,0.0
585,TN,1,NORCO,TABLET,"Actavis Pharma, Inc.",ORAL,CII,0.0,0.0,0.0,0.0,0.0
586,TN,1,NUCYNTA ER,"TABLET, FILM COATED, EXTENDED RELEASE","Janssen Pharmaceuticals, Inc.",ORAL,CII,0.0,0.0,0.0,0.0,0.0
587,TN,1,OPANA ER,"TABLET, EXTENDED RELEASE","Endo Pharmaceuticals, Inc.",ORAL,CII,21390.69,0.0,53.0,21390.69,3022.0
588,TN,1,OXYCONTIN,"TABLET, FILM COATED, EXTENDED RELEASE",Purdue Pharma LP,ORAL,CII,110716.18,0.0,128.0,110716.18,9032.0
589,TN,2,BUTRANS,"PATCH, EXTENDED RELEASE",Purdue Pharma LP,TRANSDERMAL,CIII,0.0,0.0,0.0,0.0,0.0
590,TN,2,EMBEDA,"CAPSULE, EXTENDED RELEASE",Pfizer Laboratories Div Pfizer Inc,ORAL,CII,1468516.66,4943.43,3239.0,1473460.09,159434.0
591,TN,2,FENTANYL,PATCH,"Alvogen, Inc.",TRANSDERMAL,CII,0.0,0.0,0.0,0.0,0.0
592,TN,2,FENTANYL,PATCH,Par Pharmaceutical Inc.,TRANSDERMAL,CII,0.0,0.0,0.0,0.0,0.0
593,TN,2,FENTANYL,"PATCH, EXTENDED RELEASE",Apotex Corp.,TRANSDERMAL,CII,11291.79,0.0,200.0,11291.79,1956.0
594,TN,2,IBUDONE,"TABLET, FILM COATED",Poly Pharmaceuticals,ORAL,CII,0.0,0.0,0.0,0.0,0.0
595,TN,2,KADIAN,"CAPSULE, EXTENDED RELEASE","Actavis Pharma, Inc.",ORAL,CII,929153.45,1685.17,1209.0,930838.62,61979.0
596,TN,2,NORCO,TABLET,"Actavis Pharma, Inc.",ORAL,CII,0.0,0.0,0.0,0.0,0.0
597,TN,2,NUCYNTA ER,"TABLET, FILM COATED, EXTENDED RELEASE","Janssen Pharmaceuticals, Inc.",ORAL,CII,0.0,0.0,0.0,0.0,0.0
598,TN,2,OPANA ER,"TABLET, EXTENDED RELEASE","Endo Pharmaceuticals, Inc.",ORAL,CII,9861.98,0.0,19.0,9861.98,1136.0
599,TN,2,OXYCONTIN,"TABLET, FILM COATED, EXTENDED RELEASE",Purdue Pharma LP,ORAL,CII,101189.54,0.0,111.0,101189.54,8147.0
600,TX,1,MS CONTIN,"TABLET, FILM COATED, EXTENDED RELEASE",Purdue Pharma LP,ORAL,CII,0.0,0.0,0.0,0.0,0.0
601,TX,1,NUCYNTA ER,"TABLET, FILM COATED, EXTENDED RELEASE","Janssen Pharmaceuticals, Inc.",ORAL,CII,57012.21,1230.47,90.0,58242.68,5100.0
602,TX,1,OXYCONTIN,"TABLET, FILM COATED, EXTENDED RELEASE",Purdue Pharma LP,ORAL,CII,642234.93,4674.76,1018.0,646909.69,67264.0
603,TX,1,TUSSIONEX,"SUSPENSION, EXTENDED RELEASE",Unither Manufacturing LLC,ORAL,CII,0.0,0.0,0.0,0.0,0.0
604,TX,2,MS CONTIN,"TABLET, FILM COATED, EXTENDED RELEASE",Purdue Pharma LP,ORAL,CII,0.0,0.0,0.0,0.0,0.0
605,TX,2,NUCYNTA ER,"TABLET, FILM COATED, EXTENDED RELEASE","Janssen Pharmaceuticals, Inc.",ORAL,CII,60776.59,1822.79,86.0,62599.38,4837.0
606,TX,2,OXYCONTIN,"TABLET, FILM COATED, EXTENDED RELEASE",Purdue Pharma LP,ORAL,CII,539256.4,14879.29,893.0,554135.69,58239.0
607,TX,2,TUSSIONEX,"SUSPENSION, EXTENDED RELEASE",Unither Manufacturing LLC,ORAL,CII,0.0,0.0,0.0,0.0,0.0
608,UT,1,LORTAB,SYRUP,"Akorn, Inc.",ORAL,CII,0.0,0.0,0.0,0.0,0.0
609,UT,1,NUCYNTA ER,"TABLET, FILM COATED, EXTENDED RELEASE","Janssen Pharmaceuticals, Inc.",ORAL,CII,0.0,0.0,0.0,0.0,0.0
610,UT,1,OPANA ER,"TABLET, EXTENDED RELEASE","Endo Pharmaceuticals, Inc.",ORAL,CII,0.0,0.0,0.0,0.0,0.0
611,UT,1,OXYCONTIN,"TABLET, FILM COATED, EXTENDED RELEASE",Purdue Pharma LP,ORAL,CII,232897.68,3021.17,401.0,235918.85,25574.0
612,UT,2,LORTAB,SYRUP,"Akorn, Inc.",ORAL,CII,0.0,0.0,0.0,0.0,0.0
613,UT,2,NUCYNTA ER,"TABLET, FILM COATED, EXTENDED RELEASE","Janssen Pharmaceuticals, Inc.",ORAL,CII,0.0,0.0,0.0,0.0,0.0
614,UT,2,OPANA ER,"TABLET, EXTENDED RELEASE","Endo Pharmaceuticals, Inc.",ORAL,CII,0.0,0.0,0.0,0.0,0.0
615,UT,2,OXYCONTIN,"TABLET, FILM COATED, EXTENDED RELEASE",Purdue Pharma LP,ORAL,CII,211159.67,3370.36,371.0,214530.03,23351.0
616,VA,1,LORTAB,SYRUP,"Akorn, Inc.",ORAL,CII,0.0,0.0,0.0,0.0,0.0
617,VA,1,MS CONTIN,"TABLET, FILM COATED, EXTENDED RELEASE",Purdue Pharma LP,ORAL,CII,0.0,0.0,0.0,0.0,0.0
618,VA,1,NUCYNTA ER,"TABLET, FILM COATED, EXTENDED RELEASE","Janssen Pharmaceuticals, Inc.",ORAL,CII,10116.86,0.0,13.0,10116.86,780.0
619,VA,1,OPANA ER,"TABLET, EXTENDED RELEASE","Endo Pharmaceuticals, Inc.",ORAL,CII,14245.17,0.0,18.0,14245.17,1110.0
620,VA,1,OXYCONTIN,"TABLET, FILM COATED, EXTENDED RELEASE",Purdue Pharma LP,ORAL,CII,561133.76,3678.48,1063.0,564812.24,65302.0
621,VA,1,TUSSIONEX,"SUSPENSION, EXTENDED RELEASE",Unither Manufacturing LLC,ORAL,CII,0.0,0.0,0.0,0.0,0.0
622,VA,2,LORTAB,SYRUP,"Akorn, Inc.",ORAL,CII,0.0,0.0,0.0,0.0,0.0
623,VA,2,MS CONTIN,"TABLET, FILM COATED, EXTENDED RELEASE",Purdue Pharma LP,ORAL,CII,0.0,0.0,0.0,0.0,0.0
624,VA,2,NUCYNTA ER,"TABLET, FILM COATED, EXTENDED RELEASE","Janssen Pharmaceuticals, Inc.",ORAL,CII,0.0,0.0,0.0,0.0,0.0
625,VA,2,OPANA ER,"TABLET, EXTENDED RELEASE","Endo Pharmaceuticals, Inc.",ORAL,CII,11492.67,0.0,15.0,11492.67,900.0
626,VA,2,OXYCONTIN,"TABLET, FILM COATED, EXTENDED RELEASE",Purdue Pharma LP,ORAL,CII,445600.06,2150.97,900.0,447751.03,54818.0
627,VA,2,TUSSIONEX,"SUSPENSION, EXTENDED RELEASE",Unither Manufacturing LLC,ORAL,CII,0.0,0.0,0.0,0.0,0.0
628,VT,1,MS CONTIN,"TABLET, FILM COATED, EXTENDED RELEASE",Purdue Pharma LP,ORAL,CII,0.0,0.0,0.0,0.0,0.0
629,VT,1,NUCYNTA ER,"TABLET, FILM COATED, EXTENDED RELEASE","Janssen Pharmaceuticals, Inc.",ORAL,CII,0.0,0.0,0.0,0.0,0.0
630,VT,1,OPANA ER,"TABLET, EXTENDED RELEASE","Endo Pharmaceuticals, Inc.",ORAL,CII,0.0,0.0,0.0,0.0,0.0
631,VT,1,OXYCONTIN,"TABLET, FILM COATED, EXTENDED RELEASE",Purdue Pharma LP,ORAL,CII,286263.53,64.38,568.0,286327.91,28787.0
632,VT,2,MS CONTIN,"TABLET, FILM COATED, EXTENDED RELEASE",Purdue Pharma LP,ORAL,CII,0.0,0.0,0.0,0.0,0.0
633,VT,2,NUCYNTA ER,"TABLET, FILM COATED, EXTENDED RELEASE","Janssen Pharmaceuticals, Inc.",ORAL,CII,0.0,0.0,0.0,0.0,0.0
634,VT,2,OPANA ER,"TABLET, EXTENDED RELEASE","Endo Pharmaceuticals, Inc.",ORAL,CII,2558.63,0.0,15.0,2558.63,198.0
635,VT,2,OXYCONTIN,"TABLET, FILM COATED, EXTENDED RELEASE",Purdue Pharma LP,ORAL,CII,267332.1,0.0,557.0,267332.1,27629.0
636,WA,1,LORTAB,SYRUP,"Akorn, Inc.",ORAL,CII,0.0,0.0,0.0,0.0,0.0
637,WA,1,MS CONTIN,"TABLET, FILM COATED, EXTENDED RELEASE",Purdue Pharma LP,ORAL,CII,0.0,0.0,0.0,0.0,0.0
638,WA,1,NUCYNTA ER,"TABLET, FILM COATED, EXTENDED RELEASE","Janssen Pharmaceuticals, Inc.",ORAL,CII,20327.34,281.06,41.0,20608.4,2266.0
639,WA,1,OPANA ER,"TABLET, EXTENDED RELEASE","Endo Pharmaceuticals, Inc.",ORAL,CII,0.0,0.0,0.0,0.0,0.0
640,WA,1,OXYCONTIN,"TABLET, FILM COATED, EXTENDED RELEASE",Purdue Pharma LP,ORAL,CII,702169.34,2664.69,1555.0,704834.03,87088.0
641,WA,2,LORTAB,SYRUP,"Akorn, Inc.",ORAL,CII,0.0,0.0,0.0,0.0,0.0
642,WA,2,NUCYNTA ER,"TABLET, FILM COATED, EXTENDED RELEASE","Janssen Pharmaceuticals, Inc.",ORAL,CII,17783.41,0.0,45.0,17783.41,2228.0
643,WA,2,OPANA ER,"TABLET, EXTENDED RELEASE","Endo Pharmaceuticals, Inc.",ORAL,CII,0.0,0.0,0.0,0.0,0.0
644,WA,2,OXYCONTIN,"TABLET, FILM COATED, EXTENDED RELEASE",Purdue Pharma LP,ORAL,CII,495210.98,2065.26,1458.0,497276.24,82094.0
645,WI,1,BUTRANS,"PATCH, EXTENDED RELEASE",Purdue Pharma LP,TRANSDERMAL,CIII,0.0,0.0,0.0,0.0,0.0
646,WI,1,DILAUDID,TABLET,Purdue Pharma LP,ORAL,CII,0.0,0.0,0.0,0.0,0.0
647,WI,1,FENTANYL,PATCH,"Alvogen, Inc.",TRANSDERMAL,CII,0.0,0.0,0.0,0.0,0.0
648,WI,1,FENTANYL,PATCH,Par Pharmaceutical Inc.,TRANSDERMAL,CII,0.0,0.0,0.0,0.0,0.0
649,WI,1,FENTANYL,"PATCH, EXTENDED RELEASE",Apotex Corp.,TRANSDERMAL,CII,0.0,0.0,0.0,0.0,0.0
650,WI,1,NUCYNTA ER,"TABLET, FILM COATED, EXTENDED RELEASE","Janssen Pharmaceuticals, Inc.",ORAL,CII,112821.99,10136.95,215.0,122958.94,10786.0
651,WI,1,OPANA ER,"TABLET, EXTENDED RELEASE","Endo Pharmaceuticals, Inc.",ORAL,CII,16688.14,51.0,23.0,16739.14,1302.0
652,WI,1,OXYCONTIN,"TABLET, FILM COATED, EXTENDED RELEASE",Purdue Pharma LP,ORAL,CII,1800290.09,27880.2,3756.0,1828170.29,232548.0
653,WI,2,FENTANYL,PATCH,Par Pharmaceutical Inc.,TRANSDERMAL,CII,0.0,0.0,0.0,0.0,0.0
654,WI,2,NUCYNTA ER,"TABLET, FILM COATED, EXTENDED RELEASE","Janssen Pharmaceuticals, Inc.",ORAL,CII,101389.67,3906.54,188.0,105296.21,9489.0
655,WI,2,OPANA ER,"TABLET, EXTENDED RELEASE","Endo Pharmaceuticals, Inc.",ORAL,CII,9723.42,15.0,13.0,9738.42,780.0
656,WI,2,OXYCONTIN,"TABLET, FILM COATED, EXTENDED RELEASE",Purdue Pharma LP,ORAL,CII,1497999.74,21023.98,3318.0,1519023.72,203196.0
657,WV,1,MS CONTIN,"TABLET, FILM COATED, EXTENDED RELEASE",Purdue Pharma LP,ORAL,CII,0.0,0.0,0.0,0.0,0.0
658,WV,1,NUCYNTA ER,"TABLET, FILM COATED, EXTENDED RELEASE","Janssen Pharmaceuticals, Inc.",ORAL,CII,19376.77,45.0,39.0,19421.77,2340.0
659,WV,1,OXYCONTIN,"TABLET, FILM COATED, EXTENDED RELEASE",Purdue Pharma LP,ORAL,CII,109497.72,503.61,236.0,110001.33,13037.0
660,WV,2,MS CONTIN,TABLET,Rhodes Pharmaceuticals L.P.,ORAL,CII,0.0,0.0,0.0,0.0,0.0
661,WV,2,NUCYNTA ER,"TABLET, FILM COATED, EXTENDED RELEASE","Janssen Pharmaceuticals, Inc.",ORAL,CII,24535.59,332.41,54.0,24868.0,3210.0
662,WV,2,OXYCONTIN,"TABLET, FILM COATED, EXTENDED RELEASE",Purdue Pharma LP,ORAL,CII,100373.36,1276.73,209.0,101650.09,11926.0
663,WY,1,LORTAB,SYRUP,"Akorn, Inc.",ORAL,CII,0.0,0.0,0.0,0.0,0.0
664,WY,1,NUCYNTA ER,"TABLET, FILM COATED, EXTENDED RELEASE","Janssen Pharmaceuticals, Inc.",ORAL,CII,0.0,0.0,0.0,0.0,0.0
665,WY,1,OXYCONTIN,"TABLET, FILM COATED, EXTENDED RELEASE",Purdue Pharma LP,ORAL,CII,103210.93,0.0,221.0,103210.93,12894.0
666,WY,2,LORTAB,SYRUP,"Akorn, Inc.",ORAL,CII,0.0,0.0,0.0,0.0,0.0
667,WY,2,NUCYNTA ER,"TABLET, FILM COATED, EXTENDED RELEASE","Janssen Pharmaceuticals, Inc.",ORAL,CII,0.0,0.0,0.0,0.0,0.0
668,WY,2,OXYCONTIN,"TABLET, FILM COATED, EXTENDED RELEASE",Purdue Pharma LP,ORAL,CII,95358.26,0.0,227.0,95358.26,13312.0
669,XX,1,FENTANYL,PATCH,"Alvogen, Inc.",TRANSDERMAL,CII,0.0,0.0,0.0,0.0,0.0
670,XX,1,FENTANYL,PATCH,Par Pharmaceutical Inc.,TRANSDERMAL,CII,0.0,0.0,0.0,0.0,0.0
671,XX,1,FENTANYL,"PATCH, EXTENDED RELEASE",Apotex Corp.,TRANSDERMAL,CII,0.0,0.0,0.0,0.0,0.0
672,XX,1,FENTORA,TABLET,"Cephalon, Inc.",BUCCAL; SUBLINGUAL,CII,0.0,0.0,0.0,0.0,0.0
673,XX,1,MS CONTIN,"TABLET, FILM COATED, EXTENDED RELEASE",Purdue Pharma LP,ORAL,CII,112255.15,527.41,165.0,112782.56,12985.0
674,XX,1,NUCYNTA ER,"TABLET, FILM COATED, EXTENDED RELEASE","Janssen Pharmaceuticals, Inc.",ORAL,CII,2186659.28,91833.4,3637.0,2278492.68,208289.0
675,XX,1,OXYCONTIN,"TABLET, FILM COATED, EXTENDED RELEASE",Purdue Pharma LP,ORAL,CII,35323172.54,776234.49,69702.0,36099407.03,4168582.0
676,XX,1,PERCOCET,TABLET,"Endo Pharmaceuticals, Inc.",ORAL,CII,0.0,0.0,0.0,0.0,0.0
677,XX,1,REPREXAIN,"TABLET, FILM COATED","Gemini Laboratories, LLC",ORAL,CII,0.0,0.0,0.0,0.0,0.0
678,XX,1,TUSSIONEX,"SUSPENSION, EXTENDED RELEASE",Unither Manufacturing LLC,ORAL,CII,21265.57,9.0,106.0,21274.57,16076.0
679,XX,2,ABSTRAL,TABLET,"Galena Biopharma, Inc.",SUBLINGUAL,CII,0.0,0.0,0.0,0.0,0.0
680,XX,2,DILAUDID,SOLUTION,Rhodes Pharmaceuticals L.P.,ORAL,CII,0.0,0.0,0.0,0.0,0.0
681,XX,2,EMBEDA,"CAPSULE, EXTENDED RELEASE",Pfizer Laboratories Div Pfizer Inc,ORAL,CII,0.0,0.0,0.0,0.0,0.0
682,XX,2,FENTANYL,PATCH,"Alvogen, Inc.",TRANSDERMAL,CII,8603.23,246.12,128.0,8849.35,1307.0
683,XX,2,FENTORA,TABLET,"Cephalon, Inc.",BUCCAL; SUBLINGUAL,CII,0.0,0.0,0.0,0.0,0.0
684,XX,2,IBUDONE,"TABLET, FILM COATED",Poly Pharmaceuticals,ORAL,CII,9473.37,12.0,80.0,9485.37,7051.0
685,XX,2,MS CONTIN,TABLET,Rhodes Pharmaceuticals L.P.,ORAL,CII,0.0,0.0,0.0,0.0,0.0
686,XX,2,MS CONTIN,"TABLET, FILM COATED, EXTENDED RELEASE",Purdue Pharma LP,ORAL,CII,90867.85,39.25,131.0,90907.1,10855.0
687,XX,2,NUCYNTA ER,"TABLET, FILM COATED, EXTENDED RELEASE","Janssen Pharmaceuticals, Inc.",ORAL,CII,2113979.21,101299.33,3417.0,2215278.54,193428.0
688,XX,2,OPANA ER,"TABLET, EXTENDED RELEASE","Endo Pharmaceuticals, Inc.",ORAL,CII,7868.13,763.22,41.0,8631.35,2219.0
689,XX,2,OXAYDO,TABLET,Egalet US Inc.,ORAL,CII,8291.78,0.0,18.0,8291.78,1451.0
690,XX,2,OXYCONTIN,"TABLET, FILM COATED, EXTENDED RELEASE",Purdue Pharma LP,ORAL,CII,31209363.26,691318.79,62781.0,31900682.05,3735009.3
691,XX,2,TUSSIONEX,"SUSPENSION, EXTENDED RELEASE",Unither Manufacturing LLC,ORAL,CII,8729.94,24.0,45.0,8753.94,6619.0
