State,State Code,County,County Code,Year,Year Code,Month,Month Code,Underlying Cause of death,Underlying Cause of death Code,Deaths,Population,Crude Rate,% of Total Deaths
Arizona,4,"Maricopa County, AZ",4013,2013,2013,"Jan., 2013",2013/01,"Accidental poisoning by and exposure to narcotics and psychodysleptics [hallucinogens], not elsewhere classified",X42,12,Not Applicable,Not Applicable,0.00%
Arizona,4,"Maricopa County, AZ",4013,2013,2013,"Jan., 2013",2013/01,"Accidental poisoning by and exposure to other and unspecified drugs, medicaments and biological substances",X44,31,Not Applicable,Not Applicable,0.10%
Arizona,4,"Maricopa County, AZ",4013,2013,2013,"Feb., 2013",2013/02,"Accidental poisoning by and exposure to other and unspecified drugs, medicaments and biological substances",X44,23,Not Applicable,Not Applicable,0.00%
Arizona,4,"Maricopa County, AZ",4013,2013,2013,"Mar., 2013",2013/03,"Accidental poisoning by and exposure to narcotics and psychodysleptics [hallucinogens], not elsewhere classified",X42,10,Not Applicable,Not Applicable,0.00%
Arizona,4,"Maricopa County, AZ",4013,2013,2013,"Mar., 2013",2013/03,"Accidental poisoning by and exposure to other and unspecified drugs, medicaments and biological substances",X44,30,Not Applicable,Not Applicable,0.10%
Arizona,4,"Maricopa County, AZ",4013,2013,2013,"Apr., 2013",2013/04,"Accidental poisoning by and exposure to narcotics and psychodysleptics [hallucinogens], not elsewhere classified",X42,10,Not Applicable,Not Applicable,0.00%
Arizona,4,"Maricopa County, AZ",4013,2013,2013,"Apr., 2013",2013/04,"Accidental poisoning by and exposure to other and unspecified drugs, medicaments and biological substances",X44,32,Not Applicable,Not Applicable,0.10%
Arizona,4,"Maricopa County, AZ",4013,2013,2013,"May, 2013",2013/05,"Accidental poisoning by and exposure to narcotics and psychodysleptics [hallucinogens], not elsewhere classified",X42,16,Not Applicable,Not Applicable,0.00%
Arizona,4,"Maricopa County, AZ",4013,2013,2013,"May, 2013",2013/05,"Accidental poisoning by and exposure to other and unspecified drugs, medicaments and biological substances",X44,17,Not Applicable,Not Applicable,0.00%
Arizona,4,"Maricopa County, AZ",4013,2013,2013,"Jun., 2013",2013/06,"Accidental poisoning by and exposure to narcotics and psychodysleptics [hallucinogens], not elsewhere classified",X42,16,Not Applicable,Not Applicable,0.00%
Arizona,4,"Maricopa County, AZ",4013,2013,2013,"Jun., 2013",2013/06,"Accidental poisoning by and exposure to other and unspecified drugs, medicaments and biological substances",X44,24,Not Applicable,Not Applicable,0.10%
Arizona,4,"Maricopa County, AZ",4013,2013,2013,"Jul., 2013",2013/07,"Accidental poisoning by and exposure to antiepileptic, sedative-hypnotic, antiparkinsonism and psychotropic drugs, not elsewhere classified",X41,17,Not Applicable,Not Applicable,0.00%
Arizona,4,"Maricopa County, AZ",4013,2013,2013,"Jul., 2013",2013/07,"Accidental poisoning by and exposure to narcotics and psychodysleptics [hallucinogens], not elsewhere classified",X42,14,Not Applicable,Not Applicable,0.00%
Arizona,4,"Maricopa County, AZ",4013,2013,2013,"Jul., 2013",2013/07,"Accidental poisoning by and exposure to other and unspecified drugs, medicaments and biological substances",X44,21,Not Applicable,Not Applicable,0.00%
Arizona,4,"Maricopa County, AZ",4013,2013,2013,"Aug., 2013",2013/08,"Accidental poisoning by and exposure to narcotics and psychodysleptics [hallucinogens], not elsewhere classified",X42,10,Not Applicable,Not Applicable,0.00%
Arizona,4,"Maricopa County, AZ",4013,2013,2013,"Aug., 2013",2013/08,"Accidental poisoning by and exposure to other and unspecified drugs, medicaments and biological substances",X44,29,Not Applicable,Not Applicable,0.10%
Arizona,4,"Maricopa County, AZ",4013,2013,2013,"Sep., 2013",2013/09,"Accidental poisoning by and exposure to narcotics and psychodysleptics [hallucinogens], not elsewhere classified",X42,15,Not Applicable,Not Applicable,0.00%
Arizona,4,"Maricopa County, AZ",4013,2013,2013,"Sep., 2013",2013/09,"Accidental poisoning by and exposure to other and unspecified drugs, medicaments and biological substances",X44,30,Not Applicable,Not Applicable,0.10%
Arizona,4,"Maricopa County, AZ",4013,2013,2013,"Oct., 2013",2013/10,"Accidental poisoning by and exposure to other and unspecified drugs, medicaments and biological substances",X44,25,Not Applicable,Not Applicable,0.10%
Arizona,4,"Maricopa County, AZ",4013,2013,2013,"Nov., 2013",2013/11,"Accidental poisoning by and exposure to narcotics and psychodysleptics [hallucinogens], not elsewhere classified",X42,14,Not Applicable,Not Applicable,0.00%
Arizona,4,"Maricopa County, AZ",4013,2013,2013,"Nov., 2013",2013/11,"Accidental poisoning by and exposure to other and unspecified drugs, medicaments and biological substances",X44,19,Not Applicable,Not Applicable,0.00%
Arizona,4,"Maricopa County, AZ",4013,2013,2013,"Dec., 2013",2013/12,"Accidental poisoning by and exposure to narcotics and psychodysleptics [hallucinogens], not elsewhere classified",X42,12,Not Applicable,Not Applicable,0.00%
Arizona,4,"Maricopa County, AZ",4013,2013,2013,"Dec., 2013",2013/12,"Accidental poisoning by and exposure to other and unspecified drugs, medicaments and biological substances",X44,23,Not Applicable,Not Applicable,0.00%
Arizona,4,"Pima County, AZ",4019,2013,2013,"Mar., 2013",2013/03,"Accidental poisoning by and exposure to narcotics and psychodysleptics [hallucinogens], not elsewhere classified",X42,13,Not Applicable,Not Applicable,0.00%
Arizona,4,"Pima County, AZ",4019,2013,2013,"Oct., 2013",2013/10,"Accidental poisoning by and exposure to other and unspecified drugs, medicaments and biological substances",X44,10,Not Applicable,Not Applicable,0.00%
Arizona,4,"Pima County, AZ",4019,2013,2013,"Nov., 2013",2013/11,"Accidental poisoning by and exposure to narcotics and psychodysleptics [hallucinogens], not elsewhere classified",X42,13,Not Applicable,Not Applicable,0.00%
Arizona,4,"Pima County, AZ",4019,2013,2013,"Dec., 2013",2013/12,"Accidental poisoning by and exposure to narcotics and psychodysleptics [hallucinogens], not elsewhere classified",X42,10,Not Applicable,Not Applicable,0.00%
California,6,"Alameda County, CA",6001,2013,2013,"Aug., 2013",2013/08,"Accidental poisoning by and exposure to other and unspecified drugs, medicaments and biological substances",X44,12,Not Applicable,Not Applicable,0.00%
California,6,"Alameda County, CA",6001,2013,2013,"Oct., 2013",2013/10,"Accidental poisoning by and exposure to other and unspecified drugs, medicaments and biological substances",X44,11,Not Applicable,Not Applicable,0.00%
California,6,"Kern County, CA",6029,2013,2013,"Mar., 2013",2013/03,"Accidental poisoning by and exposure to other and unspecified drugs, medicaments and biological substances",X44,12,Not Applicable,Not Applicable,0.00%
California,6,"Kern County, CA",6029,2013,2013,"Apr., 2013",2013/04,"Accidental poisoning by and exposure to other and unspecified drugs, medicaments and biological substances",X44,11,Not Applicable,Not Applicable,0.00%
California,6,"Kern County, CA",6029,2013,2013,"Jun., 2013",2013/06,"Accidental poisoning by and exposure to other and unspecified drugs, medicaments and biological substances",X44,10,Not Applicable,Not Applicable,0.00%
California,6,"Los Angeles County, CA",6037,2013,2013,"Jan., 2013",2013/01,"Accidental poisoning by and exposure to antiepileptic, sedative-hypnotic, antiparkinsonism and psychotropic drugs, not elsewhere classified",X41,10,Not Applicable,Not Applicable,0.00%
California,6,"Los Angeles County, CA",6037,2013,2013,"Jan., 2013",2013/01,"Accidental poisoning by and exposure to narcotics and psychodysleptics [hallucinogens], not elsewhere classified",X42,29,Not Applicable,Not Applicable,0.10%
California,6,"Los Angeles County, CA",6037,2013,2013,"Jan., 2013",2013/01,"Accidental poisoning by and exposure to other and unspecified drugs, medicaments and biological substances",X44,23,Not Applicable,Not Applicable,0.00%
California,6,"Los Angeles County, CA",6037,2013,2013,"Feb., 2013",2013/02,"Accidental poisoning by and exposure to narcotics and psychodysleptics [hallucinogens], not elsewhere classified",X42,21,Not Applicable,Not Applicable,0.00%
California,6,"Los Angeles County, CA",6037,2013,2013,"Feb., 2013",2013/02,"Accidental poisoning by and exposure to other and unspecified drugs, medicaments and biological substances",X44,22,Not Applicable,Not Applicable,0.00%
California,6,"Los Angeles County, CA",6037,2013,2013,"Mar., 2013",2013/03,"Accidental poisoning by and exposure to narcotics and psychodysleptics [hallucinogens], not elsewhere classified",X42,15,Not Applicable,Not Applicable,0.00%
California,6,"Los Angeles County, CA",6037,2013,2013,"Mar., 2013",2013/03,"Accidental poisoning by and exposure to other and unspecified drugs, medicaments and biological substances",X44,31,Not Applicable,Not Applicable,0.10%
California,6,"Los Angeles County, CA",6037,2013,2013,"Apr., 2013",2013/04,"Accidental poisoning by and exposure to narcotics and psychodysleptics [hallucinogens], not elsewhere classified",X42,20,Not Applicable,Not Applicable,0.00%
California,6,"Los Angeles County, CA",6037,2013,2013,"Apr., 2013",2013/04,"Accidental poisoning by and exposure to other and unspecified drugs, medicaments and biological substances",X44,14,Not Applicable,Not Applicable,0.00%
California,6,"Los Angeles County, CA",6037,2013,2013,"May, 2013",2013/05,"Accidental poisoning by and exposure to antiepileptic, sedative-hypnotic, antiparkinsonism and psychotropic drugs, not elsewhere classified",X41,15,Not Applicable,Not Applicable,0.00%
California,6,"Los Angeles County, CA",6037,2013,2013,"May, 2013",2013/05,"Accidental poisoning by and exposure to narcotics and psychodysleptics [hallucinogens], not elsewhere classified",X42,22,Not Applicable,Not Applicable,0.00%
California,6,"Los Angeles County, CA",6037,2013,2013,"May, 2013",2013/05,"Accidental poisoning by and exposure to other and unspecified drugs, medicaments and biological substances",X44,24,Not Applicable,Not Applicable,0.10%
California,6,"Los Angeles County, CA",6037,2013,2013,"Jun., 2013",2013/06,"Accidental poisoning by and exposure to antiepileptic, sedative-hypnotic, antiparkinsonism and psychotropic drugs, not elsewhere classified",X41,13,Not Applicable,Not Applicable,0.00%
California,6,"Los Angeles County, CA",6037,2013,2013,"Jun., 2013",2013/06,"Accidental poisoning by and exposure to narcotics and psychodysleptics [hallucinogens], not elsewhere classified",X42,35,Not Applicable,Not Applicable,0.10%
California,6,"Los Angeles County, CA",6037,2013,2013,"Jun., 2013",2013/06,"Accidental poisoning by and exposure to other and unspecified drugs, medicaments and biological substances",X44,19,Not Applicable,Not Applicable,0.00%
California,6,"Los Angeles County, CA",6037,2013,2013,"Jul., 2013",2013/07,"Accidental poisoning by and exposure to narcotics and psychodysleptics [hallucinogens], not elsewhere classified",X42,24,Not Applicable,Not Applicable,0.10%
California,6,"Los Angeles County, CA",6037,2013,2013,"Jul., 2013",2013/07,"Accidental poisoning by and exposure to other and unspecified drugs, medicaments and biological substances",X44,31,Not Applicable,Not Applicable,0.10%
California,6,"Los Angeles County, CA",6037,2013,2013,"Aug., 2013",2013/08,"Accidental poisoning by and exposure to narcotics and psychodysleptics [hallucinogens], not elsewhere classified",X42,23,Not Applicable,Not Applicable,0.00%
California,6,"Los Angeles County, CA",6037,2013,2013,"Aug., 2013",2013/08,"Accidental poisoning by and exposure to other and unspecified drugs, medicaments and biological substances",X44,35,Not Applicable,Not Applicable,0.10%
California,6,"Los Angeles County, CA",6037,2013,2013,"Aug., 2013",2013/08,"Intentional self-poisoning by and exposure to other and unspecified drugs, medicaments and biological substances",X64,10,Not Applicable,Not Applicable,0.00%
California,6,"Los Angeles County, CA",6037,2013,2013,"Sep., 2013",2013/09,"Accidental poisoning by and exposure to antiepileptic, sedative-hypnotic, antiparkinsonism and psychotropic drugs, not elsewhere classified",X41,10,Not Applicable,Not Applicable,0.00%
California,6,"Los Angeles County, CA",6037,2013,2013,"Sep., 2013",2013/09,"Accidental poisoning by and exposure to narcotics and psychodysleptics [hallucinogens], not elsewhere classified",X42,17,Not Applicable,Not Applicable,0.00%
California,6,"Los Angeles County, CA",6037,2013,2013,"Sep., 2013",2013/09,"Accidental poisoning by and exposure to other and unspecified drugs, medicaments and biological substances",X44,23,Not Applicable,Not Applicable,0.00%
California,6,"Los Angeles County, CA",6037,2013,2013,"Oct., 2013",2013/10,"Accidental poisoning by and exposure to antiepileptic, sedative-hypnotic, antiparkinsonism and psychotropic drugs, not elsewhere classified",X41,19,Not Applicable,Not Applicable,0.00%
California,6,"Los Angeles County, CA",6037,2013,2013,"Oct., 2013",2013/10,"Accidental poisoning by and exposure to narcotics and psychodysleptics [hallucinogens], not elsewhere classified",X42,17,Not Applicable,Not Applicable,0.00%
California,6,"Los Angeles County, CA",6037,2013,2013,"Oct., 2013",2013/10,"Accidental poisoning by and exposure to other and unspecified drugs, medicaments and biological substances",X44,24,Not Applicable,Not Applicable,0.10%
California,6,"Los Angeles County, CA",6037,2013,2013,"Oct., 2013",2013/10,"Intentional self-poisoning by and exposure to other and unspecified drugs, medicaments and biological substances",X64,12,Not Applicable,Not Applicable,0.00%
California,6,"Los Angeles County, CA",6037,2013,2013,"Nov., 2013",2013/11,"Accidental poisoning by and exposure to antiepileptic, sedative-hypnotic, antiparkinsonism and psychotropic drugs, not elsewhere classified",X41,11,Not Applicable,Not Applicable,0.00%
California,6,"Los Angeles County, CA",6037,2013,2013,"Nov., 2013",2013/11,"Accidental poisoning by and exposure to narcotics and psychodysleptics [hallucinogens], not elsewhere classified",X42,11,Not Applicable,Not Applicable,0.00%
California,6,"Los Angeles County, CA",6037,2013,2013,"Nov., 2013",2013/11,"Accidental poisoning by and exposure to other and unspecified drugs, medicaments and biological substances",X44,27,Not Applicable,Not Applicable,0.10%
California,6,"Los Angeles County, CA",6037,2013,2013,"Nov., 2013",2013/11,"Intentional self-poisoning by and exposure to other and unspecified drugs, medicaments and biological substances",X64,10,Not Applicable,Not Applicable,0.00%
California,6,"Los Angeles County, CA",6037,2013,2013,"Dec., 2013",2013/12,"Accidental poisoning by and exposure to antiepileptic, sedative-hypnotic, antiparkinsonism and psychotropic drugs, not elsewhere classified",X41,14,Not Applicable,Not Applicable,0.00%
California,6,"Los Angeles County, CA",6037,2013,2013,"Dec., 2013",2013/12,"Accidental poisoning by and exposure to narcotics and psychodysleptics [hallucinogens], not elsewhere classified",X42,19,Not Applicable,Not Applicable,0.00%
California,6,"Los Angeles County, CA",6037,2013,2013,"Dec., 2013",2013/12,"Accidental poisoning by and exposure to other and unspecified drugs, medicaments and biological substances",X44,23,Not Applicable,Not Applicable,0.00%
California,6,"Orange County, CA",6059,2013,2013,"Jan., 2013",2013/01,"Accidental poisoning by and exposure to other and unspecified drugs, medicaments and biological substances",X44,19,Not Applicable,Not Applicable,0.00%
California,6,"Orange County, CA",6059,2013,2013,"Feb., 2013",2013/02,"Accidental poisoning by and exposure to other and unspecified drugs, medicaments and biological substances",X44,15,Not Applicable,Not Applicable,0.00%
California,6,"Orange County, CA",6059,2013,2013,"Mar., 2013",2013/03,"Accidental poisoning by and exposure to other and unspecified drugs, medicaments and biological substances",X44,21,Not Applicable,Not Applicable,0.00%
California,6,"Orange County, CA",6059,2013,2013,"Apr., 2013",2013/04,"Accidental poisoning by and exposure to other and unspecified drugs, medicaments and biological substances",X44,15,Not Applicable,Not Applicable,0.00%
California,6,"Orange County, CA",6059,2013,2013,"May, 2013",2013/05,"Accidental poisoning by and exposure to other and unspecified drugs, medicaments and biological substances",X44,12,Not Applicable,Not Applicable,0.00%
California,6,"Orange County, CA",6059,2013,2013,"Jun., 2013",2013/06,"Accidental poisoning by and exposure to other and unspecified drugs, medicaments and biological substances",X44,13,Not Applicable,Not Applicable,0.00%
California,6,"Orange County, CA",6059,2013,2013,"Jul., 2013",2013/07,"Accidental poisoning by and exposure to antiepileptic, sedative-hypnotic, antiparkinsonism and psychotropic drugs, not elsewhere classified",X41,11,Not Applicable,Not Applicable,0.00%
California,6,"Orange County, CA",6059,2013,2013,"Jul., 2013",2013/07,"Accidental poisoning by and exposure to other and unspecified drugs, medicaments and biological substances",X44,16,Not Applicable,Not Applicable,0.00%
California,6,"Orange County, CA",6059,2013,2013,"Aug., 2013",2013/08,"Accidental poisoning by and exposure to other and unspecified drugs, medicaments and biological substances",X44,11,Not Applicable,Not Applicable,0.00%
California,6,"Orange County, CA",6059,2013,2013,"Sep., 2013",2013/09,"Accidental poisoning by and exposure to other and unspecified drugs, medicaments and biological substances",X44,15,Not Applicable,Not Applicable,0.00%
California,6,"Orange County, CA",6059,2013,2013,"Oct., 2013",2013/10,"Accidental poisoning by and exposure to other and unspecified drugs, medicaments and biological substances",X44,11,Not Applicable,Not Applicable,0.00%
California,6,"Orange County, CA",6059,2013,2013,"Nov., 2013",2013/11,"Accidental poisoning by and exposure to other and unspecified drugs, medicaments and biological substances",X44,11,Not Applicable,Not Applicable,0.00%
California,6,"Orange County, CA",6059,2013,2013,"Dec., 2013",2013/12,"Accidental poisoning by and exposure to other and unspecified drugs, medicaments and biological substances",X44,10,Not Applicable,Not Applicable,0.00%
California,6,"Riverside County, CA",6065,2013,2013,"Jan., 2013",2013/01,"Accidental poisoning by and exposure to narcotics and psychodysleptics [hallucinogens], not elsewhere classified",X42,10,Not Applicable,Not Applicable,0.00%
California,6,"Riverside County, CA",6065,2013,2013,"Jan., 2013",2013/01,"Accidental poisoning by and exposure to other and unspecified drugs, medicaments and biological substances",X44,17,Not Applicable,Not Applicable,0.00%
California,6,"Riverside County, CA",6065,2013,2013,"Apr., 2013",2013/04,"Accidental poisoning by and exposure to other and unspecified drugs, medicaments and biological substances",X44,13,Not Applicable,Not Applicable,0.00%
California,6,"Riverside County, CA",6065,2013,2013,"May, 2013",2013/05,"Accidental poisoning by and exposure to other and unspecified drugs, medicaments and biological substances",X44,10,Not Applicable,Not Applicable,0.00%
California,6,"Riverside County, CA",6065,2013,2013,"Jul., 2013",2013/07,"Accidental poisoning by and exposure to antiepileptic, sedative-hypnotic, antiparkinsonism and psychotropic drugs, not elsewhere classified",X41,10,Not Applicable,Not Applicable,0.00%
California,6,"Riverside County, CA",6065,2013,2013,"Jul., 2013",2013/07,"Accidental poisoning by and exposure to other and unspecified drugs, medicaments and biological substances",X44,11,Not Applicable,Not Applicable,0.00%
California,6,"Riverside County, CA",6065,2013,2013,"Aug., 2013",2013/08,"Accidental poisoning by and exposure to antiepileptic, sedative-hypnotic, antiparkinsonism and psychotropic drugs, not elsewhere classified",X41,13,Not Applicable,Not Applicable,0.00%
California,6,"Riverside County, CA",6065,2013,2013,"Sep., 2013",2013/09,"Accidental poisoning by and exposure to narcotics and psychodysleptics [hallucinogens], not elsewhere classified",X42,14,Not Applicable,Not Applicable,0.00%
California,6,"Riverside County, CA",6065,2013,2013,"Sep., 2013",2013/09,"Accidental poisoning by and exposure to other and unspecified drugs, medicaments and biological substances",X44,11,Not Applicable,Not Applicable,0.00%
California,6,"Riverside County, CA",6065,2013,2013,"Oct., 2013",2013/10,"Accidental poisoning by and exposure to narcotics and psychodysleptics [hallucinogens], not elsewhere classified",X42,12,Not Applicable,Not Applicable,0.00%
California,6,"Riverside County, CA",6065,2013,2013,"Nov., 2013",2013/11,"Accidental poisoning by and exposure to other and unspecified drugs, medicaments and biological substances",X44,11,Not Applicable,Not Applicable,0.00%
California,6,"Riverside County, CA",6065,2013,2013,"Dec., 2013",2013/12,"Accidental poisoning by and exposure to other and unspecified drugs, medicaments and biological substances",X44,14,Not Applicable,Not Applicable,0.00%
California,6,"San Diego County, CA",6073,2013,2013,"Jan., 2013",2013/01,"Accidental poisoning by and exposure to other and unspecified drugs, medicaments and biological substances",X44,10,Not Applicable,Not Applicable,0.00%
California,6,"San Diego County, CA",6073,2013,2013,"Feb., 2013",2013/02,"Accidental poisoning by and exposure to antiepileptic, sedative-hypnotic, antiparkinsonism and psychotropic drugs, not elsewhere classified",X41,12,Not Applicable,Not Applicable,0.00%
California,6,"San Diego County, CA",6073,2013,2013,"Feb., 2013",2013/02,"Accidental poisoning by and exposure to other and unspecified drugs, medicaments and biological substances",X44,14,Not Applicable,Not Applicable,0.00%
California,6,"San Diego County, CA",6073,2013,2013,"Mar., 2013",2013/03,"Accidental poisoning by and exposure to narcotics and psychodysleptics [hallucinogens], not elsewhere classified",X42,11,Not Applicable,Not Applicable,0.00%
California,6,"San Diego County, CA",6073,2013,2013,"Mar., 2013",2013/03,"Accidental poisoning by and exposure to other and unspecified drugs, medicaments and biological substances",X44,15,Not Applicable,Not Applicable,0.00%
California,6,"San Diego County, CA",6073,2013,2013,"Apr., 2013",2013/04,"Accidental poisoning by and exposure to other and unspecified drugs, medicaments and biological substances",X44,16,Not Applicable,Not Applicable,0.00%
California,6,"San Diego County, CA",6073,2013,2013,"May, 2013",2013/05,"Accidental poisoning by and exposure to narcotics and psychodysleptics [hallucinogens], not elsewhere classified",X42,10,Not Applicable,Not Applicable,0.00%
California,6,"San Diego County, CA",6073,2013,2013,"May, 2013",2013/05,"Accidental poisoning by and exposure to other and unspecified drugs, medicaments and biological substances",X44,20,Not Applicable,Not Applicable,0.00%
California,6,"San Diego County, CA",6073,2013,2013,"Jun., 2013",2013/06,"Accidental poisoning by and exposure to other and unspecified drugs, medicaments and biological substances",X44,17,Not Applicable,Not Applicable,0.00%
California,6,"San Diego County, CA",6073,2013,2013,"Jul., 2013",2013/07,"Accidental poisoning by and exposure to other and unspecified drugs, medicaments and biological substances",X44,15,Not Applicable,Not Applicable,0.00%
California,6,"San Diego County, CA",6073,2013,2013,"Aug., 2013",2013/08,"Accidental poisoning by and exposure to other and unspecified drugs, medicaments and biological substances",X44,12,Not Applicable,Not Applicable,0.00%
California,6,"San Diego County, CA",6073,2013,2013,"Sep., 2013",2013/09,"Accidental poisoning by and exposure to narcotics and psychodysleptics [hallucinogens], not elsewhere classified",X42,10,Not Applicable,Not Applicable,0.00%
California,6,"San Diego County, CA",6073,2013,2013,"Sep., 2013",2013/09,"Accidental poisoning by and exposure to other and unspecified drugs, medicaments and biological substances",X44,13,Not Applicable,Not Applicable,0.00%
California,6,"San Diego County, CA",6073,2013,2013,"Oct., 2013",2013/10,"Accidental poisoning by and exposure to other and unspecified drugs, medicaments and biological substances",X44,15,Not Applicable,Not Applicable,0.00%
California,6,"San Diego County, CA",6073,2013,2013,"Nov., 2013",2013/11,"Accidental poisoning by and exposure to narcotics and psychodysleptics [hallucinogens], not elsewhere classified",X42,11,Not Applicable,Not Applicable,0.00%
California,6,"San Diego County, CA",6073,2013,2013,"Dec., 2013",2013/12,"Accidental poisoning by and exposure to other and unspecified drugs, medicaments and biological substances",X44,15,Not Applicable,Not Applicable,0.00%
California,6,"San Francisco County, CA",6075,2013,2013,"Jan., 2013",2013/01,"Accidental poisoning by and exposure to other and unspecified drugs, medicaments and biological substances",X44,10,Not Applicable,Not Applicable,0.00%
Connecticut,9,"Fairfield County, CT",9001,2013,2013,"Oct., 2013",2013/10,"Accidental poisoning by and exposure to narcotics and psychodysleptics [hallucinogens], not elsewhere classified",X42,10,Not Applicable,Not Applicable,0.00%
Connecticut,9,"Hartford County, CT",9003,2013,2013,"Apr., 2013",2013/04,"Accidental poisoning by and exposure to narcotics and psychodysleptics [hallucinogens], not elsewhere classified",X42,10,Not Applicable,Not Applicable,0.00%
Connecticut,9,"Hartford County, CT",9003,2013,2013,"Jun., 2013",2013/06,"Accidental poisoning by and exposure to narcotics and psychodysleptics [hallucinogens], not elsewhere classified",X42,10,Not Applicable,Not Applicable,0.00%
Connecticut,9,"Hartford County, CT",9003,2013,2013,"Jul., 2013",2013/07,"Accidental poisoning by and exposure to narcotics and psychodysleptics [hallucinogens], not elsewhere classified",X42,11,Not Applicable,Not Applicable,0.00%
Connecticut,9,"Hartford County, CT",9003,2013,2013,"Aug., 2013",2013/08,"Accidental poisoning by and exposure to narcotics and psychodysleptics [hallucinogens], not elsewhere classified",X42,10,Not Applicable,Not Applicable,0.00%
Connecticut,9,"Hartford County, CT",9003,2013,2013,"Nov., 2013",2013/11,"Accidental poisoning by and exposure to narcotics and psychodysleptics [hallucinogens], not elsewhere classified",X42,13,Not Applicable,Not Applicable,0.00%
Connecticut,9,"New Haven County, CT",9009,2013,2013,"Feb., 2013",2013/02,"Accidental poisoning by and exposure to narcotics and psychodysleptics [hallucinogens], not elsewhere classified",X42,11,Not Applicable,Not Applicable,0.00%
Connecticut,9,"New Haven County, CT",9009,2013,2013,"Mar., 2013",2013/03,"Accidental poisoning by and exposure to narcotics and psychodysleptics [hallucinogens], not elsewhere classified",X42,10,Not Applicable,Not Applicable,0.00%
Connecticut,9,"New Haven County, CT",9009,2013,2013,"Jun., 2013",2013/06,"Accidental poisoning by and exposure to narcotics and psychodysleptics [hallucinogens], not elsewhere classified",X42,12,Not Applicable,Not Applicable,0.00%
Connecticut,9,"New Haven County, CT",9009,2013,2013,"Aug., 2013",2013/08,"Accidental poisoning by and exposure to narcotics and psychodysleptics [hallucinogens], not elsewhere classified",X42,12,Not Applicable,Not Applicable,0.00%
Connecticut,9,"New Haven County, CT",9009,2013,2013,"Nov., 2013",2013/11,"Accidental poisoning by and exposure to narcotics and psychodysleptics [hallucinogens], not elsewhere classified",X42,13,Not Applicable,Not Applicable,0.00%
Connecticut,9,"New Haven County, CT",9009,2013,2013,"Dec., 2013",2013/12,"Accidental poisoning by and exposure to narcotics and psychodysleptics [hallucinogens], not elsewhere classified",X42,11,Not Applicable,Not Applicable,0.00%
Florida,12,"Broward County, FL",12011,2013,2013,"Jan., 2013",2013/01,"Accidental poisoning by and exposure to other and unspecified drugs, medicaments and biological substances",X44,13,Not Applicable,Not Applicable,0.00%
Florida,12,"Hillsborough County, FL",12057,2013,2013,"Jan., 2013",2013/01,"Accidental poisoning by and exposure to narcotics and psychodysleptics [hallucinogens], not elsewhere classified",X42,12,Not Applicable,Not Applicable,0.00%
Florida,12,"Orange County, FL",12095,2013,2013,"Jun., 2013",2013/06,"Accidental poisoning by and exposure to narcotics and psychodysleptics [hallucinogens], not elsewhere classified",X42,14,Not Applicable,Not Applicable,0.00%
Florida,12,"Palm Beach County, FL",12099,2013,2013,"Jan., 2013",2013/01,"Accidental poisoning by and exposure to other and unspecified drugs, medicaments and biological substances",X44,10,Not Applicable,Not Applicable,0.00%
Florida,12,"Palm Beach County, FL",12099,2013,2013,"Mar., 2013",2013/03,"Accidental poisoning by and exposure to narcotics and psychodysleptics [hallucinogens], not elsewhere classified",X42,11,Not Applicable,Not Applicable,0.00%
Florida,12,"Palm Beach County, FL",12099,2013,2013,"Mar., 2013",2013/03,"Accidental poisoning by and exposure to other and unspecified drugs, medicaments and biological substances",X44,11,Not Applicable,Not Applicable,0.00%
Florida,12,"Palm Beach County, FL",12099,2013,2013,"Jun., 2013",2013/06,"Accidental poisoning by and exposure to narcotics and psychodysleptics [hallucinogens], not elsewhere classified",X42,10,Not Applicable,Not Applicable,0.00%
Florida,12,"Palm Beach County, FL",12099,2013,2013,"Aug., 2013",2013/08,"Accidental poisoning by and exposure to other and unspecified drugs, medicaments and biological substances",X44,10,Not Applicable,Not Applicable,0.00%
Florida,12,"Palm Beach County, FL",12099,2013,2013,"Nov., 2013",2013/11,"Accidental poisoning by and exposure to narcotics and psychodysleptics [hallucinogens], not elsewhere classified",X42,10,Not Applicable,Not Applicable,0.00%
Florida,12,"Palm Beach County, FL",12099,2013,2013,"Nov., 2013",2013/11,"Accidental poisoning by and exposure to other and unspecified drugs, medicaments and biological substances",X44,10,Not Applicable,Not Applicable,0.00%
Florida,12,"Palm Beach County, FL",12099,2013,2013,"Dec., 2013",2013/12,"Accidental poisoning by and exposure to other and unspecified drugs, medicaments and biological substances",X44,14,Not Applicable,Not Applicable,0.00%
Florida,12,"Pinellas County, FL",12103,2013,2013,"Feb., 2013",2013/02,"Accidental poisoning by and exposure to other and unspecified drugs, medicaments and biological substances",X44,10,Not Applicable,Not Applicable,0.00%
Florida,12,"Pinellas County, FL",12103,2013,2013,"Apr., 2013",2013/04,"Accidental poisoning by and exposure to other and unspecified drugs, medicaments and biological substances",X44,13,Not Applicable,Not Applicable,0.00%
Florida,12,"Pinellas County, FL",12103,2013,2013,"Dec., 2013",2013/12,"Accidental poisoning by and exposure to other and unspecified drugs, medicaments and biological substances",X44,11,Not Applicable,Not Applicable,0.00%
Georgia,13,"Cobb County, GA",13067,2013,2013,"Jan., 2013",2013/01,"Accidental poisoning by and exposure to other and unspecified drugs, medicaments and biological substances",X44,13,Not Applicable,Not Applicable,0.00%
Georgia,13,"Cobb County, GA",13067,2013,2013,"Dec., 2013",2013/12,"Accidental poisoning by and exposure to other and unspecified drugs, medicaments and biological substances",X44,10,Not Applicable,Not Applicable,0.00%
Illinois,17,"Cook County, IL",17031,2013,2013,"Jan., 2013",2013/01,"Accidental poisoning by and exposure to narcotics and psychodysleptics [hallucinogens], not elsewhere classified",X42,39,Not Applicable,Not Applicable,0.10%
Illinois,17,"Cook County, IL",17031,2013,2013,"Feb., 2013",2013/02,"Accidental poisoning by and exposure to narcotics and psychodysleptics [hallucinogens], not elsewhere classified",X42,41,Not Applicable,Not Applicable,0.10%
Illinois,17,"Cook County, IL",17031,2013,2013,"Mar., 2013",2013/03,"Accidental poisoning by and exposure to narcotics and psychodysleptics [hallucinogens], not elsewhere classified",X42,35,Not Applicable,Not Applicable,0.10%
Illinois,17,"Cook County, IL",17031,2013,2013,"Apr., 2013",2013/04,"Accidental poisoning by and exposure to narcotics and psychodysleptics [hallucinogens], not elsewhere classified",X42,48,Not Applicable,Not Applicable,0.10%
Illinois,17,"Cook County, IL",17031,2013,2013,"May, 2013",2013/05,"Accidental poisoning by and exposure to narcotics and psychodysleptics [hallucinogens], not elsewhere classified",X42,37,Not Applicable,Not Applicable,0.10%
Illinois,17,"Cook County, IL",17031,2013,2013,"Jun., 2013",2013/06,"Accidental poisoning by and exposure to narcotics and psychodysleptics [hallucinogens], not elsewhere classified",X42,33,Not Applicable,Not Applicable,0.10%
Illinois,17,"Cook County, IL",17031,2013,2013,"Jul., 2013",2013/07,"Accidental poisoning by and exposure to narcotics and psychodysleptics [hallucinogens], not elsewhere classified",X42,37,Not Applicable,Not Applicable,0.10%
Illinois,17,"Cook County, IL",17031,2013,2013,"Aug., 2013",2013/08,"Accidental poisoning by and exposure to narcotics and psychodysleptics [hallucinogens], not elsewhere classified",X42,34,Not Applicable,Not Applicable,0.10%
Illinois,17,"Cook County, IL",17031,2013,2013,"Aug., 2013",2013/08,"Accidental poisoning by and exposure to other and unspecified drugs, medicaments and biological substances",X44,10,Not Applicable,Not Applicable,0.00%
Illinois,17,"Cook County, IL",17031,2013,2013,"Sep., 2013",2013/09,"Accidental poisoning by and exposure to narcotics and psychodysleptics [hallucinogens], not elsewhere classified",X42,33,Not Applicable,Not Applicable,0.10%
Illinois,17,"Cook County, IL",17031,2013,2013,"Oct., 2013",2013/10,"Accidental poisoning by and exposure to narcotics and psychodysleptics [hallucinogens], not elsewhere classified",X42,38,Not Applicable,Not Applicable,0.10%
Illinois,17,"Cook County, IL",17031,2013,2013,"Nov., 2013",2013/11,"Accidental poisoning by and exposure to narcotics and psychodysleptics [hallucinogens], not elsewhere classified",X42,44,Not Applicable,Not Applicable,0.10%
Illinois,17,"Cook County, IL",17031,2013,2013,"Dec., 2013",2013/12,"Accidental poisoning by and exposure to narcotics and psychodysleptics [hallucinogens], not elsewhere classified",X42,44,Not Applicable,Not Applicable,0.10%
Illinois,17,"Winnebago County, IL",17201,2013,2013,"Jan., 2013",2013/01,"Accidental poisoning by and exposure to narcotics and psychodysleptics [hallucinogens], not elsewhere classified",X42,10,Not Applicable,Not Applicable,0.00%
Indiana,18,"Marion County, IN",18097,2013,2013,"Mar., 2013",2013/03,"Accidental poisoning by and exposure to other and unspecified drugs, medicaments and biological substances",X44,11,Not Applicable,Not Applicable,0.00%
Indiana,18,"Marion County, IN",18097,2013,2013,"Apr., 2013",2013/04,"Accidental poisoning by and exposure to other and unspecified drugs, medicaments and biological substances",X44,10,Not Applicable,Not Applicable,0.00%
Indiana,18,"Marion County, IN",18097,2013,2013,"May, 2013",2013/05,"Accidental poisoning by and exposure to other and unspecified drugs, medicaments and biological substances",X44,20,Not Applicable,Not Applicable,0.00%
Indiana,18,"Marion County, IN",18097,2013,2013,"Jun., 2013",2013/06,"Accidental poisoning by and exposure to other and unspecified drugs, medicaments and biological substances",X44,12,Not Applicable,Not Applicable,0.00%
Indiana,18,"Marion County, IN",18097,2013,2013,"Jul., 2013",2013/07,"Accidental poisoning by and exposure to other and unspecified drugs, medicaments and biological substances",X44,14,Not Applicable,Not Applicable,0.00%
Indiana,18,"Marion County, IN",18097,2013,2013,"Oct., 2013",2013/10,"Accidental poisoning by and exposure to other and unspecified drugs, medicaments and biological substances",X44,13,Not Applicable,Not Applicable,0.00%
Indiana,18,"Marion County, IN",18097,2013,2013,"Nov., 2013",2013/11,"Accidental poisoning by and exposure to other and unspecified drugs, medicaments and biological substances",X44,10,Not Applicable,Not Applicable,0.00%
Indiana,18,"Marion County, IN",18097,2013,2013,"Dec., 2013",2013/12,"Accidental poisoning by and exposure to other and unspecified drugs, medicaments and biological substances",X44,10,Not Applicable,Not Applicable,0.00%
Kentucky,21,"Jefferson County, KY",21111,2013,2013,"Mar., 2013",2013/03,"Accidental poisoning by and exposure to other and unspecified drugs, medicaments and biological substances",X44,10,Not Applicable,Not Applicable,0.00%
Kentucky,21,"Jefferson County, KY",21111,2013,2013,"Apr., 2013",2013/04,"Accidental poisoning by and exposure to other and unspecified drugs, medicaments and biological substances",X44,11,Not Applicable,Not Applicable,0.00%
Kentucky,21,"Jefferson County, KY",21111,2013,2013,"Jun., 2013",2013/06,"Accidental poisoning by and exposure to other and unspecified drugs, medicaments and biological substances",X44,11,Not Applicable,Not Applicable,0.00%
Kentucky,21,"Jefferson County, KY",21111,2013,2013,"Sep., 2013",2013/09,"Accidental poisoning by and exposure to other and unspecified drugs, medicaments and biological substances",X44,13,Not Applicable,Not Applicable,0.00%
Maryland,24,"Anne Arundel County, MD",24003,2013,2013,"Nov., 2013",2013/11,"Poisoning by and exposure to narcotics and psychodysleptics [hallucinogens], not elsewhere classified, undetermined intent",Y12,12,Not Applicable,Not Applicable,0.00%
Maryland,24,"Baltimore County, MD",24005,2013,2013,"Jan., 2013",2013/01,"Poisoning by and exposure to narcotics and psychodysleptics [hallucinogens], not elsewhere classified, undetermined intent",Y12,11,Not Applicable,Not Applicable,0.00%
Maryland,24,"Baltimore County, MD",24005,2013,2013,"Oct., 2013",2013/10,"Poisoning by and exposure to narcotics and psychodysleptics [hallucinogens], not elsewhere classified, undetermined intent",Y12,11,Not Applicable,Not Applicable,0.00%
Maryland,24,"Baltimore city, MD",24510,2013,2013,"Feb., 2013",2013/02,"Poisoning by and exposure to narcotics and psychodysleptics [hallucinogens], not elsewhere classified, undetermined intent",Y12,15,Not Applicable,Not Applicable,0.00%
Maryland,24,"Baltimore city, MD",24510,2013,2013,"Mar., 2013",2013/03,"Poisoning by and exposure to narcotics and psychodysleptics [hallucinogens], not elsewhere classified, undetermined intent",Y12,17,Not Applicable,Not Applicable,0.00%
Maryland,24,"Baltimore city, MD",24510,2013,2013,"Jun., 2013",2013/06,"Poisoning by and exposure to narcotics and psychodysleptics [hallucinogens], not elsewhere classified, undetermined intent",Y12,13,Not Applicable,Not Applicable,0.00%
Maryland,24,"Baltimore city, MD",24510,2013,2013,"Jul., 2013",2013/07,"Poisoning by and exposure to narcotics and psychodysleptics [hallucinogens], not elsewhere classified, undetermined intent",Y12,16,Not Applicable,Not Applicable,0.00%
Maryland,24,"Baltimore city, MD",24510,2013,2013,"Aug., 2013",2013/08,"Poisoning by and exposure to narcotics and psychodysleptics [hallucinogens], not elsewhere classified, undetermined intent",Y12,11,Not Applicable,Not Applicable,0.00%
Maryland,24,"Baltimore city, MD",24510,2013,2013,"Nov., 2013",2013/11,"Poisoning by and exposure to narcotics and psychodysleptics [hallucinogens], not elsewhere classified, undetermined intent",Y12,10,Not Applicable,Not Applicable,0.00%
Maryland,24,"Baltimore city, MD",24510,2013,2013,"Dec., 2013",2013/12,"Poisoning by and exposure to narcotics and psychodysleptics [hallucinogens], not elsewhere classified, undetermined intent",Y12,15,Not Applicable,Not Applicable,0.00%
Massachusetts,25,"Bristol County, MA",25005,2013,2013,"Apr., 2013",2013/04,"Accidental poisoning by and exposure to narcotics and psychodysleptics [hallucinogens], not elsewhere classified",X42,12,Not Applicable,Not Applicable,0.00%
Massachusetts,25,"Bristol County, MA",25005,2013,2013,"Jul., 2013",2013/07,"Accidental poisoning by and exposure to narcotics and psychodysleptics [hallucinogens], not elsewhere classified",X42,12,Not Applicable,Not Applicable,0.00%
Massachusetts,25,"Bristol County, MA",25005,2013,2013,"Dec., 2013",2013/12,"Accidental poisoning by and exposure to narcotics and psychodysleptics [hallucinogens], not elsewhere classified",X42,15,Not Applicable,Not Applicable,0.00%
Massachusetts,25,"Essex County, MA",25009,2013,2013,"Mar., 2013",2013/03,"Accidental poisoning by and exposure to narcotics and psychodysleptics [hallucinogens], not elsewhere classified",X42,11,Not Applicable,Not Applicable,0.00%
Massachusetts,25,"Middlesex County, MA",25017,2013,2013,"Jan., 2013",2013/01,"Accidental poisoning by and exposure to narcotics and psychodysleptics [hallucinogens], not elsewhere classified",X42,10,Not Applicable,Not Applicable,0.00%
Massachusetts,25,"Middlesex County, MA",25017,2013,2013,"Feb., 2013",2013/02,"Accidental poisoning by and exposure to narcotics and psychodysleptics [hallucinogens], not elsewhere classified",X42,12,Not Applicable,Not Applicable,0.00%
Massachusetts,25,"Middlesex County, MA",25017,2013,2013,"Jun., 2013",2013/06,"Accidental poisoning by and exposure to narcotics and psychodysleptics [hallucinogens], not elsewhere classified",X42,11,Not Applicable,Not Applicable,0.00%
Massachusetts,25,"Middlesex County, MA",25017,2013,2013,"Aug., 2013",2013/08,"Accidental poisoning by and exposure to narcotics and psychodysleptics [hallucinogens], not elsewhere classified",X42,10,Not Applicable,Not Applicable,0.00%
Massachusetts,25,"Middlesex County, MA",25017,2013,2013,"Nov., 2013",2013/11,"Accidental poisoning by and exposure to narcotics and psychodysleptics [hallucinogens], not elsewhere classified",X42,10,Not Applicable,Not Applicable,0.00%
Massachusetts,25,"Middlesex County, MA",25017,2013,2013,"Dec., 2013",2013/12,"Accidental poisoning by and exposure to narcotics and psychodysleptics [hallucinogens], not elsewhere classified",X42,11,Not Applicable,Not Applicable,0.00%
Massachusetts,25,"Suffolk County, MA",25025,2013,2013,"Mar., 2013",2013/03,"Accidental poisoning by and exposure to narcotics and psychodysleptics [hallucinogens], not elsewhere classified",X42,11,Not Applicable,Not Applicable,0.00%
Massachusetts,25,"Suffolk County, MA",25025,2013,2013,"Sep., 2013",2013/09,"Accidental poisoning by and exposure to narcotics and psychodysleptics [hallucinogens], not elsewhere classified",X42,12,Not Applicable,Not Applicable,0.00%
Massachusetts,25,"Worcester County, MA",25027,2013,2013,"Jan., 2013",2013/01,"Accidental poisoning by and exposure to narcotics and psychodysleptics [hallucinogens], not elsewhere classified",X42,10,Not Applicable,Not Applicable,0.00%
Massachusetts,25,"Worcester County, MA",25027,2013,2013,"Aug., 2013",2013/08,"Accidental poisoning by and exposure to narcotics and psychodysleptics [hallucinogens], not elsewhere classified",X42,12,Not Applicable,Not Applicable,0.00%
Massachusetts,25,"Worcester County, MA",25027,2013,2013,"Sep., 2013",2013/09,"Accidental poisoning by and exposure to narcotics and psychodysleptics [hallucinogens], not elsewhere classified",X42,10,Not Applicable,Not Applicable,0.00%
Michigan,26,"Macomb County, MI",26099,2013,2013,"Jan., 2013",2013/01,"Accidental poisoning by and exposure to other and unspecified drugs, medicaments and biological substances",X44,12,Not Applicable,Not Applicable,0.00%
Michigan,26,"Macomb County, MI",26099,2013,2013,"Mar., 2013",2013/03,"Accidental poisoning by and exposure to narcotics and psychodysleptics [hallucinogens], not elsewhere classified",X42,11,Not Applicable,Not Applicable,0.00%
Michigan,26,"Macomb County, MI",26099,2013,2013,"May, 2013",2013/05,"Accidental poisoning by and exposure to narcotics and psychodysleptics [hallucinogens], not elsewhere classified",X42,10,Not Applicable,Not Applicable,0.00%
Michigan,26,"Macomb County, MI",26099,2013,2013,"Jun., 2013",2013/06,"Accidental poisoning by and exposure to narcotics and psychodysleptics [hallucinogens], not elsewhere classified",X42,16,Not Applicable,Not Applicable,0.00%
Michigan,26,"Macomb County, MI",26099,2013,2013,"Jul., 2013",2013/07,"Accidental poisoning by and exposure to narcotics and psychodysleptics [hallucinogens], not elsewhere classified",X42,14,Not Applicable,Not Applicable,0.00%
Michigan,26,"Macomb County, MI",26099,2013,2013,"Aug., 2013",2013/08,"Accidental poisoning by and exposure to other and unspecified drugs, medicaments and biological substances",X44,11,Not Applicable,Not Applicable,0.00%
Michigan,26,"Macomb County, MI",26099,2013,2013,"Oct., 2013",2013/10,"Accidental poisoning by and exposure to other and unspecified drugs, medicaments and biological substances",X44,12,Not Applicable,Not Applicable,0.00%
Michigan,26,"Macomb County, MI",26099,2013,2013,"Nov., 2013",2013/11,"Accidental poisoning by and exposure to other and unspecified drugs, medicaments and biological substances",X44,11,Not Applicable,Not Applicable,0.00%
Michigan,26,"Oakland County, MI",26125,2013,2013,"Apr., 2013",2013/04,"Mental and behavioural disorders due to multiple drug use and use of other psychoactive substances, harmful use",F19.1,11,Not Applicable,Not Applicable,0.00%
Michigan,26,"Oakland County, MI",26125,2013,2013,"Jul., 2013",2013/07,"Mental and behavioural disorders due to multiple drug use and use of other psychoactive substances, harmful use",F19.1,10,Not Applicable,Not Applicable,0.00%
Michigan,26,"Oakland County, MI",26125,2013,2013,"Sep., 2013",2013/09,"Mental and behavioural disorders due to multiple drug use and use of other psychoactive substances, harmful use",F19.1,11,Not Applicable,Not Applicable,0.00%
Michigan,26,"Oakland County, MI",26125,2013,2013,"Oct., 2013",2013/10,"Mental and behavioural disorders due to multiple drug use and use of other psychoactive substances, harmful use",F19.1,12,Not Applicable,Not Applicable,0.00%
Michigan,26,"Oakland County, MI",26125,2013,2013,"Nov., 2013",2013/11,"Mental and behavioural disorders due to multiple drug use and use of other psychoactive substances, harmful use",F19.1,11,Not Applicable,Not Applicable,0.00%
Michigan,26,"Oakland County, MI",26125,2013,2013,"Dec., 2013",2013/12,"Poisoning by and exposure to other and unspecified drugs, medicaments and biological substances, undetermined intent",Y14,10,Not Applicable,Not Applicable,0.00%
Michigan,26,"Wayne County, MI",26163,2013,2013,"Jan., 2013",2013/01,"Accidental poisoning by and exposure to narcotics and psychodysleptics [hallucinogens], not elsewhere classified",X42,19,Not Applicable,Not Applicable,0.00%
Michigan,26,"Wayne County, MI",26163,2013,2013,"Feb., 2013",2013/02,"Accidental poisoning by and exposure to narcotics and psychodysleptics [hallucinogens], not elsewhere classified",X42,25,Not Applicable,Not Applicable,0.10%
Michigan,26,"Wayne County, MI",26163,2013,2013,"Feb., 2013",2013/02,"Accidental poisoning by and exposure to other and unspecified drugs, medicaments and biological substances",X44,11,Not Applicable,Not Applicable,0.00%
Michigan,26,"Wayne County, MI",26163,2013,2013,"Mar., 2013",2013/03,"Accidental poisoning by and exposure to narcotics and psychodysleptics [hallucinogens], not elsewhere classified",X42,15,Not Applicable,Not Applicable,0.00%
Michigan,26,"Wayne County, MI",26163,2013,2013,"Mar., 2013",2013/03,"Accidental poisoning by and exposure to other and unspecified drugs, medicaments and biological substances",X44,16,Not Applicable,Not Applicable,0.00%
Michigan,26,"Wayne County, MI",26163,2013,2013,"Apr., 2013",2013/04,"Accidental poisoning by and exposure to narcotics and psychodysleptics [hallucinogens], not elsewhere classified",X42,18,Not Applicable,Not Applicable,0.00%
Michigan,26,"Wayne County, MI",26163,2013,2013,"Apr., 2013",2013/04,"Accidental poisoning by and exposure to other and unspecified drugs, medicaments and biological substances",X44,12,Not Applicable,Not Applicable,0.00%
Michigan,26,"Wayne County, MI",26163,2013,2013,"May, 2013",2013/05,"Accidental poisoning by and exposure to narcotics and psychodysleptics [hallucinogens], not elsewhere classified",X42,14,Not Applicable,Not Applicable,0.00%
Michigan,26,"Wayne County, MI",26163,2013,2013,"Jun., 2013",2013/06,"Accidental poisoning by and exposure to narcotics and psychodysleptics [hallucinogens], not elsewhere classified",X42,18,Not Applicable,Not Applicable,0.00%
Michigan,26,"Wayne County, MI",26163,2013,2013,"Jul., 2013",2013/07,"Accidental poisoning by and exposure to narcotics and psychodysleptics [hallucinogens], not elsewhere classified",X42,20,Not Applicable,Not Applicable,0.00%
Michigan,26,"Wayne County, MI",26163,2013,2013,"Jul., 2013",2013/07,"Accidental poisoning by and exposure to other and unspecified drugs, medicaments and biological substances",X44,17,Not Applicable,Not Applicable,0.00%
Michigan,26,"Wayne County, MI",26163,2013,2013,"Aug., 2013",2013/08,"Accidental poisoning by and exposure to narcotics and psychodysleptics [hallucinogens], not elsewhere classified",X42,22,Not Applicable,Not Applicable,0.00%
Michigan,26,"Wayne County, MI",26163,2013,2013,"Sep., 2013",2013/09,"Accidental poisoning by and exposure to narcotics and psychodysleptics [hallucinogens], not elsewhere classified",X42,11,Not Applicable,Not Applicable,0.00%
Michigan,26,"Wayne County, MI",26163,2013,2013,"Sep., 2013",2013/09,"Accidental poisoning by and exposure to other and unspecified drugs, medicaments and biological substances",X44,13,Not Applicable,Not Applicable,0.00%
Michigan,26,"Wayne County, MI",26163,2013,2013,"Oct., 2013",2013/10,"Accidental poisoning by and exposure to narcotics and psychodysleptics [hallucinogens], not elsewhere classified",X42,25,Not Applicable,Not Applicable,0.10%
Michigan,26,"Wayne County, MI",26163,2013,2013,"Nov., 2013",2013/11,"Accidental poisoning by and exposure to narcotics and psychodysleptics [hallucinogens], not elsewhere classified",X42,20,Not Applicable,Not Applicable,0.00%
Michigan,26,"Wayne County, MI",26163,2013,2013,"Nov., 2013",2013/11,"Accidental poisoning by and exposure to other and unspecified drugs, medicaments and biological substances",X44,11,Not Applicable,Not Applicable,0.00%
Michigan,26,"Wayne County, MI",26163,2013,2013,"Dec., 2013",2013/12,"Accidental poisoning by and exposure to other and unspecified drugs, medicaments and biological substances",X44,11,Not Applicable,Not Applicable,0.00%
Missouri,29,"St. Louis County, MO",29189,2013,2013,"Jan., 2013",2013/01,"Accidental poisoning by and exposure to narcotics and psychodysleptics [hallucinogens], not elsewhere classified",X42,10,Not Applicable,Not Applicable,0.00%
Missouri,29,"St. Louis County, MO",29189,2013,2013,"Feb., 2013",2013/02,"Accidental poisoning by and exposure to narcotics and psychodysleptics [hallucinogens], not elsewhere classified",X42,10,Not Applicable,Not Applicable,0.00%
Missouri,29,"St. Louis County, MO",29189,2013,2013,"Mar., 2013",2013/03,"Accidental poisoning by and exposure to narcotics and psychodysleptics [hallucinogens], not elsewhere classified",X42,11,Not Applicable,Not Applicable,0.00%
Missouri,29,"St. Louis County, MO",29189,2013,2013,"May, 2013",2013/05,"Accidental poisoning by and exposure to narcotics and psychodysleptics [hallucinogens], not elsewhere classified",X42,16,Not Applicable,Not Applicable,0.00%
Missouri,29,"St. Louis County, MO",29189,2013,2013,"Jun., 2013",2013/06,"Accidental poisoning by and exposure to narcotics and psychodysleptics [hallucinogens], not elsewhere classified",X42,10,Not Applicable,Not Applicable,0.00%
Missouri,29,"St. Louis County, MO",29189,2013,2013,"Aug., 2013",2013/08,"Accidental poisoning by and exposure to narcotics and psychodysleptics [hallucinogens], not elsewhere classified",X42,15,Not Applicable,Not Applicable,0.00%
Missouri,29,"St. Louis County, MO",29189,2013,2013,"Nov., 2013",2013/11,"Accidental poisoning by and exposure to narcotics and psychodysleptics [hallucinogens], not elsewhere classified",X42,12,Not Applicable,Not Applicable,0.00%
Missouri,29,"St. Louis County, MO",29189,2013,2013,"Dec., 2013",2013/12,"Accidental poisoning by and exposure to narcotics and psychodysleptics [hallucinogens], not elsewhere classified",X42,15,Not Applicable,Not Applicable,0.00%
Missouri,29,"St. Louis city, MO",29510,2013,2013,"Nov., 2013",2013/11,"Accidental poisoning by and exposure to narcotics and psychodysleptics [hallucinogens], not elsewhere classified",X42,10,Not Applicable,Not Applicable,0.00%
Nevada,32,"Clark County, NV",32003,2013,2013,"Jan., 2013",2013/01,"Accidental poisoning by and exposure to narcotics and psychodysleptics [hallucinogens], not elsewhere classified",X42,13,Not Applicable,Not Applicable,0.00%
Nevada,32,"Clark County, NV",32003,2013,2013,"Feb., 2013",2013/02,"Accidental poisoning by and exposure to narcotics and psychodysleptics [hallucinogens], not elsewhere classified",X42,15,Not Applicable,Not Applicable,0.00%
Nevada,32,"Clark County, NV",32003,2013,2013,"Feb., 2013",2013/02,"Accidental poisoning by and exposure to other and unspecified drugs, medicaments and biological substances",X44,14,Not Applicable,Not Applicable,0.00%
Nevada,32,"Clark County, NV",32003,2013,2013,"Mar., 2013",2013/03,"Accidental poisoning by and exposure to narcotics and psychodysleptics [hallucinogens], not elsewhere classified",X42,14,Not Applicable,Not Applicable,0.00%
Nevada,32,"Clark County, NV",32003,2013,2013,"Apr., 2013",2013/04,"Accidental poisoning by and exposure to narcotics and psychodysleptics [hallucinogens], not elsewhere classified",X42,13,Not Applicable,Not Applicable,0.00%
Nevada,32,"Clark County, NV",32003,2013,2013,"Apr., 2013",2013/04,"Accidental poisoning by and exposure to other and unspecified drugs, medicaments and biological substances",X44,19,Not Applicable,Not Applicable,0.00%
Nevada,32,"Clark County, NV",32003,2013,2013,"May, 2013",2013/05,"Accidental poisoning by and exposure to narcotics and psychodysleptics [hallucinogens], not elsewhere classified",X42,20,Not Applicable,Not Applicable,0.00%
Nevada,32,"Clark County, NV",32003,2013,2013,"Jun., 2013",2013/06,"Accidental poisoning by and exposure to narcotics and psychodysleptics [hallucinogens], not elsewhere classified",X42,14,Not Applicable,Not Applicable,0.00%
Nevada,32,"Clark County, NV",32003,2013,2013,"Jun., 2013",2013/06,"Accidental poisoning by and exposure to other and unspecified drugs, medicaments and biological substances",X44,13,Not Applicable,Not Applicable,0.00%
Nevada,32,"Clark County, NV",32003,2013,2013,"Jul., 2013",2013/07,"Accidental poisoning by and exposure to narcotics and psychodysleptics [hallucinogens], not elsewhere classified",X42,14,Not Applicable,Not Applicable,0.00%
Nevada,32,"Clark County, NV",32003,2013,2013,"Jul., 2013",2013/07,"Accidental poisoning by and exposure to other and unspecified drugs, medicaments and biological substances",X44,10,Not Applicable,Not Applicable,0.00%
Nevada,32,"Clark County, NV",32003,2013,2013,"Aug., 2013",2013/08,"Accidental poisoning by and exposure to narcotics and psychodysleptics [hallucinogens], not elsewhere classified",X42,10,Not Applicable,Not Applicable,0.00%
Nevada,32,"Clark County, NV",32003,2013,2013,"Aug., 2013",2013/08,"Accidental poisoning by and exposure to other and unspecified drugs, medicaments and biological substances",X44,16,Not Applicable,Not Applicable,0.00%
Nevada,32,"Clark County, NV",32003,2013,2013,"Sep., 2013",2013/09,"Accidental poisoning by and exposure to other and unspecified drugs, medicaments and biological substances",X44,17,Not Applicable,Not Applicable,0.00%
Nevada,32,"Clark County, NV",32003,2013,2013,"Nov., 2013",2013/11,"Accidental poisoning by and exposure to other and unspecified drugs, medicaments and biological substances",X44,11,Not Applicable,Not Applicable,0.00%
Nevada,32,"Clark County, NV",32003,2013,2013,"Dec., 2013",2013/12,"Accidental poisoning by and exposure to other and unspecified drugs, medicaments and biological substances",X44,14,Not Applicable,Not Applicable,0.00%
New Jersey,34,"Bergen County, NJ",34003,2013,2013,"Nov., 2013",2013/11,"Accidental poisoning by and exposure to narcotics and psychodysleptics [hallucinogens], not elsewhere classified",X42,10,Not Applicable,Not Applicable,0.00%
New Jersey,34,"Burlington County, NJ",34005,2013,2013,"Dec., 2013",2013/12,"Accidental poisoning by and exposure to other and unspecified drugs, medicaments and biological substances",X44,10,Not Applicable,Not Applicable,0.00%
New Jersey,34,"Camden County, NJ",34007,2013,2013,"Jan., 2013",2013/01,"Accidental poisoning by and exposure to other and unspecified drugs, medicaments and biological substances",X44,10,Not Applicable,Not Applicable,0.00%
New Jersey,34,"Camden County, NJ",34007,2013,2013,"Mar., 2013",2013/03,"Accidental poisoning by and exposure to other and unspecified drugs, medicaments and biological substances",X44,11,Not Applicable,Not Applicable,0.00%
New Jersey,34,"Camden County, NJ",34007,2013,2013,"Apr., 2013",2013/04,"Accidental poisoning by and exposure to other and unspecified drugs, medicaments and biological substances",X44,18,Not Applicable,Not Applicable,0.00%
New Jersey,34,"Camden County, NJ",34007,2013,2013,"Jun., 2013",2013/06,"Accidental poisoning by and exposure to other and unspecified drugs, medicaments and biological substances",X44,13,Not Applicable,Not Applicable,0.00%
New Jersey,34,"Camden County, NJ",34007,2013,2013,"Sep., 2013",2013/09,"Accidental poisoning by and exposure to other and unspecified drugs, medicaments and biological substances",X44,18,Not Applicable,Not Applicable,0.00%
New Jersey,34,"Camden County, NJ",34007,2013,2013,"Nov., 2013",2013/11,"Accidental poisoning by and exposure to other and unspecified drugs, medicaments and biological substances",X44,12,Not Applicable,Not Applicable,0.00%
New Jersey,34,"Camden County, NJ",34007,2013,2013,"Dec., 2013",2013/12,"Accidental poisoning by and exposure to other and unspecified drugs, medicaments and biological substances",X44,14,Not Applicable,Not Applicable,0.00%
New Jersey,34,"Gloucester County, NJ",34015,2013,2013,"May, 2013",2013/05,"Accidental poisoning by and exposure to other and unspecified drugs, medicaments and biological substances",X44,13,Not Applicable,Not Applicable,0.00%
New Jersey,34,"Ocean County, NJ",34029,2013,2013,"Jan., 2013",2013/01,"Accidental poisoning by and exposure to other and unspecified drugs, medicaments and biological substances",X44,10,Not Applicable,Not Applicable,0.00%
New Jersey,34,"Ocean County, NJ",34029,2013,2013,"Jul., 2013",2013/07,"Accidental poisoning by and exposure to other and unspecified drugs, medicaments and biological substances",X44,11,Not Applicable,Not Applicable,0.00%
New York,36,"Bronx County, NY",36005,2013,2013,"Jan., 2013",2013/01,"Accidental poisoning by and exposure to narcotics and psychodysleptics [hallucinogens], not elsewhere classified",X42,11,Not Applicable,Not Applicable,0.00%
New York,36,"Bronx County, NY",36005,2013,2013,"Oct., 2013",2013/10,"Accidental poisoning by and exposure to narcotics and psychodysleptics [hallucinogens], not elsewhere classified",X42,13,Not Applicable,Not Applicable,0.00%
New York,36,"Bronx County, NY",36005,2013,2013,"Nov., 2013",2013/11,"Accidental poisoning by and exposure to narcotics and psychodysleptics [hallucinogens], not elsewhere classified",X42,14,Not Applicable,Not Applicable,0.00%
New York,36,"Bronx County, NY",36005,2013,2013,"Dec., 2013",2013/12,"Accidental poisoning by and exposure to narcotics and psychodysleptics [hallucinogens], not elsewhere classified",X42,11,Not Applicable,Not Applicable,0.00%
New York,36,"Dutchess County, NY",36027,2013,2013,"Dec., 2013",2013/12,"Accidental poisoning by and exposure to narcotics and psychodysleptics [hallucinogens], not elsewhere classified",X42,10,Not Applicable,Not Applicable,0.00%
New York,36,"Erie County, NY",36029,2013,2013,"May, 2013",2013/05,"Accidental poisoning by and exposure to narcotics and psychodysleptics [hallucinogens], not elsewhere classified",X42,10,Not Applicable,Not Applicable,0.00%
New York,36,"Erie County, NY",36029,2013,2013,"Sep., 2013",2013/09,"Accidental poisoning by and exposure to narcotics and psychodysleptics [hallucinogens], not elsewhere classified",X42,11,Not Applicable,Not Applicable,0.00%
New York,36,"Erie County, NY",36029,2013,2013,"Nov., 2013",2013/11,"Accidental poisoning by and exposure to narcotics and psychodysleptics [hallucinogens], not elsewhere classified",X42,16,Not Applicable,Not Applicable,0.00%
New York,36,"Kings County, NY",36047,2013,2013,"Feb., 2013",2013/02,"Accidental poisoning by and exposure to narcotics and psychodysleptics [hallucinogens], not elsewhere classified",X42,13,Not Applicable,Not Applicable,0.00%
New York,36,"Kings County, NY",36047,2013,2013,"May, 2013",2013/05,"Accidental poisoning by and exposure to narcotics and psychodysleptics [hallucinogens], not elsewhere classified",X42,13,Not Applicable,Not Applicable,0.00%
New York,36,"Kings County, NY",36047,2013,2013,"Jul., 2013",2013/07,"Accidental poisoning by and exposure to narcotics and psychodysleptics [hallucinogens], not elsewhere classified",X42,14,Not Applicable,Not Applicable,0.00%
New York,36,"Kings County, NY",36047,2013,2013,"Aug., 2013",2013/08,"Accidental poisoning by and exposure to narcotics and psychodysleptics [hallucinogens], not elsewhere classified",X42,11,Not Applicable,Not Applicable,0.00%
New York,36,"Kings County, NY",36047,2013,2013,"Oct., 2013",2013/10,"Accidental poisoning by and exposure to narcotics and psychodysleptics [hallucinogens], not elsewhere classified",X42,12,Not Applicable,Not Applicable,0.00%
New York,36,"Kings County, NY",36047,2013,2013,"Nov., 2013",2013/11,"Accidental poisoning by and exposure to narcotics and psychodysleptics [hallucinogens], not elsewhere classified",X42,10,Not Applicable,Not Applicable,0.00%
New York,36,"Nassau County, NY",36059,2013,2013,"Oct., 2013",2013/10,"Accidental poisoning by and exposure to narcotics and psychodysleptics [hallucinogens], not elsewhere classified",X42,12,Not Applicable,Not Applicable,0.00%
New York,36,"New York County, NY",36061,2013,2013,"Sep., 2013",2013/09,"Accidental poisoning by and exposure to narcotics and psychodysleptics [hallucinogens], not elsewhere classified",X42,11,Not Applicable,Not Applicable,0.00%
New York,36,"New York County, NY",36061,2013,2013,"Dec., 2013",2013/12,"Accidental poisoning by and exposure to narcotics and psychodysleptics [hallucinogens], not elsewhere classified",X42,11,Not Applicable,Not Applicable,0.00%
New York,36,"Queens County, NY",36081,2013,2013,"Feb., 2013",2013/02,"Accidental poisoning by and exposure to other and unspecified drugs, medicaments and biological substances",X44,13,Not Applicable,Not Applicable,0.00%
New York,36,"Suffolk County, NY",36103,2013,2013,"Jan., 2013",2013/01,"Accidental poisoning by and exposure to narcotics and psychodysleptics [hallucinogens], not elsewhere classified",X42,11,Not Applicable,Not Applicable,0.00%
New York,36,"Suffolk County, NY",36103,2013,2013,"Feb., 2013",2013/02,"Accidental poisoning by and exposure to narcotics and psychodysleptics [hallucinogens], not elsewhere classified",X42,12,Not Applicable,Not Applicable,0.00%
New York,36,"Suffolk County, NY",36103,2013,2013,"Apr., 2013",2013/04,"Accidental poisoning by and exposure to narcotics and psychodysleptics [hallucinogens], not elsewhere classified",X42,13,Not Applicable,Not Applicable,0.00%
New York,36,"Suffolk County, NY",36103,2013,2013,"May, 2013",2013/05,"Accidental poisoning by and exposure to narcotics and psychodysleptics [hallucinogens], not elsewhere classified",X42,13,Not Applicable,Not Applicable,0.00%
New York,36,"Suffolk County, NY",36103,2013,2013,"Jun., 2013",2013/06,"Accidental poisoning by and exposure to narcotics and psychodysleptics [hallucinogens], not elsewhere classified",X42,18,Not Applicable,Not Applicable,0.00%
New York,36,"Suffolk County, NY",36103,2013,2013,"Jul., 2013",2013/07,"Accidental poisoning by and exposure to narcotics and psychodysleptics [hallucinogens], not elsewhere classified",X42,11,Not Applicable,Not Applicable,0.00%
New York,36,"Suffolk County, NY",36103,2013,2013,"Sep., 2013",2013/09,"Accidental poisoning by and exposure to narcotics and psychodysleptics [hallucinogens], not elsewhere classified",X42,13,Not Applicable,Not Applicable,0.00%
New York,36,"Suffolk County, NY",36103,2013,2013,"Oct., 2013",2013/10,"Accidental poisoning by and exposure to narcotics and psychodysleptics [hallucinogens], not elsewhere classified",X42,17,Not Applicable,Not Applicable,0.00%
New York,36,"Suffolk County, NY",36103,2013,2013,"Nov., 2013",2013/11,"Accidental poisoning by and exposure to narcotics and psychodysleptics [hallucinogens], not elsewhere classified",X42,12,Not Applicable,Not Applicable,0.00%
New York,36,"Suffolk County, NY",36103,2013,2013,"Nov., 2013",2013/11,"Accidental poisoning by and exposure to other and unspecified drugs, medicaments and biological substances",X44,10,Not Applicable,Not Applicable,0.00%
New York,36,"Suffolk County, NY",36103,2013,2013,"Dec., 2013",2013/12,"Accidental poisoning by and exposure to narcotics and psychodysleptics [hallucinogens], not elsewhere classified",X42,15,Not Applicable,Not Applicable,0.00%
Ohio,39,"Cuyahoga County, OH",39035,2013,2013,"Jan., 2013",2013/01,"Accidental poisoning by and exposure to narcotics and psychodysleptics [hallucinogens], not elsewhere classified",X42,11,Not Applicable,Not Applicable,0.00%
Ohio,39,"Cuyahoga County, OH",39035,2013,2013,"Feb., 2013",2013/02,"Accidental poisoning by and exposure to narcotics and psychodysleptics [hallucinogens], not elsewhere classified",X42,11,Not Applicable,Not Applicable,0.00%
Ohio,39,"Cuyahoga County, OH",39035,2013,2013,"Mar., 2013",2013/03,"Accidental poisoning by and exposure to narcotics and psychodysleptics [hallucinogens], not elsewhere classified",X42,23,Not Applicable,Not Applicable,0.00%
Ohio,39,"Cuyahoga County, OH",39035,2013,2013,"Mar., 2013",2013/03,"Accidental poisoning by and exposure to other and unspecified drugs, medicaments and biological substances",X44,12,Not Applicable,Not Applicable,0.00%
Ohio,39,"Cuyahoga County, OH",39035,2013,2013,"Apr., 2013",2013/04,"Accidental poisoning by and exposure to narcotics and psychodysleptics [hallucinogens], not elsewhere classified",X42,12,Not Applicable,Not Applicable,0.00%
Ohio,39,"Cuyahoga County, OH",39035,2013,2013,"May, 2013",2013/05,"Accidental poisoning by and exposure to narcotics and psychodysleptics [hallucinogens], not elsewhere classified",X42,12,Not Applicable,Not Applicable,0.00%
Ohio,39,"Cuyahoga County, OH",39035,2013,2013,"Jun., 2013",2013/06,"Accidental poisoning by and exposure to narcotics and psychodysleptics [hallucinogens], not elsewhere classified",X42,15,Not Applicable,Not Applicable,0.00%
Ohio,39,"Cuyahoga County, OH",39035,2013,2013,"Jun., 2013",2013/06,"Accidental poisoning by and exposure to other and unspecified drugs, medicaments and biological substances",X44,10,Not Applicable,Not Applicable,0.00%
Ohio,39,"Cuyahoga County, OH",39035,2013,2013,"Jul., 2013",2013/07,"Accidental poisoning by and exposure to narcotics and psychodysleptics [hallucinogens], not elsewhere classified",X42,12,Not Applicable,Not Applicable,0.00%
Ohio,39,"Cuyahoga County, OH",39035,2013,2013,"Jul., 2013",2013/07,"Accidental poisoning by and exposure to other and unspecified drugs, medicaments and biological substances",X44,10,Not Applicable,Not Applicable,0.00%
Ohio,39,"Cuyahoga County, OH",39035,2013,2013,"Aug., 2013",2013/08,"Accidental poisoning by and exposure to narcotics and psychodysleptics [hallucinogens], not elsewhere classified",X42,20,Not Applicable,Not Applicable,0.00%
Ohio,39,"Cuyahoga County, OH",39035,2013,2013,"Oct., 2013",2013/10,"Accidental poisoning by and exposure to narcotics and psychodysleptics [hallucinogens], not elsewhere classified",X42,10,Not Applicable,Not Applicable,0.00%
Ohio,39,"Cuyahoga County, OH",39035,2013,2013,"Nov., 2013",2013/11,"Accidental poisoning by and exposure to narcotics and psychodysleptics [hallucinogens], not elsewhere classified",X42,16,Not Applicable,Not Applicable,0.00%
Ohio,39,"Cuyahoga County, OH",39035,2013,2013,"Dec., 2013",2013/12,"Accidental poisoning by and exposure to narcotics and psychodysleptics [hallucinogens], not elsewhere classified",X42,11,Not Applicable,Not Applicable,0.00%
Ohio,39,"Franklin County, OH",39049,2013,2013,"Jan., 2013",2013/01,"Accidental poisoning by and exposure to narcotics and psychodysleptics [hallucinogens], not elsewhere classified",X42,13,Not Applicable,Not Applicable,0.00%
Ohio,39,"Franklin County, OH",39049,2013,2013,"Feb., 2013",2013/02,"Accidental poisoning by and exposure to narcotics and psychodysleptics [hallucinogens], not elsewhere classified",X42,12,Not Applicable,Not Applicable,0.00%
Ohio,39,"Franklin County, OH",39049,2013,2013,"Mar., 2013",2013/03,"Accidental poisoning by and exposure to narcotics and psychodysleptics [hallucinogens], not elsewhere classified",X42,10,Not Applicable,Not Applicable,0.00%
Ohio,39,"Franklin County, OH",39049,2013,2013,"Apr., 2013",2013/04,"Accidental poisoning by and exposure to narcotics and psychodysleptics [hallucinogens], not elsewhere classified",X42,11,Not Applicable,Not Applicable,0.00%
Ohio,39,"Franklin County, OH",39049,2013,2013,"May, 2013",2013/05,"Accidental poisoning by and exposure to narcotics and psychodysleptics [hallucinogens], not elsewhere classified",X42,10,Not Applicable,Not Applicable,0.00%
Ohio,39,"Franklin County, OH",39049,2013,2013,"Jun., 2013",2013/06,"Accidental poisoning by and exposure to narcotics and psychodysleptics [hallucinogens], not elsewhere classified",X42,12,Not Applicable,Not Applicable,0.00%
Ohio,39,"Franklin County, OH",39049,2013,2013,"Jul., 2013",2013/07,"Accidental poisoning by and exposure to narcotics and psychodysleptics [hallucinogens], not elsewhere classified",X42,10,Not Applicable,Not Applicable,0.00%
Ohio,39,"Franklin County, OH",39049,2013,2013,"Sep., 2013",2013/09,"Accidental poisoning by and exposure to other and unspecified drugs, medicaments and biological substances",X44,11,Not Applicable,Not Applicable,0.00%
Ohio,39,"Franklin County, OH",39049,2013,2013,"Oct., 2013",2013/10,"Accidental poisoning by and exposure to narcotics and psychodysleptics [hallucinogens], not elsewhere classified",X42,12,Not Applicable,Not Applicable,0.00%
Ohio,39,"Franklin County, OH",39049,2013,2013,"Nov., 2013",2013/11,"Accidental poisoning by and exposure to narcotics and psychodysleptics [hallucinogens], not elsewhere classified",X42,10,Not Applicable,Not Applicable,0.00%
Ohio,39,"Franklin County, OH",39049,2013,2013,"Dec., 2013",2013/12,"Accidental poisoning by and exposure to narcotics and psychodysleptics [hallucinogens], not elsewhere classified",X42,14,Not Applicable,Not Applicable,0.00%
Ohio,39,"Hamilton County, OH",39061,2013,2013,"Feb., 2013",2013/02,"Accidental poisoning by and exposure to narcotics and psychodysleptics [hallucinogens], not elsewhere classified",X42,13,Not Applicable,Not Applicable,0.00%
Ohio,39,"Hamilton County, OH",39061,2013,2013,"Mar., 2013",2013/03,"Accidental poisoning by and exposure to narcotics and psychodysleptics [hallucinogens], not elsewhere classified",X42,17,Not Applicable,Not Applicable,0.00%
Ohio,39,"Hamilton County, OH",39061,2013,2013,"Apr., 2013",2013/04,"Accidental poisoning by and exposure to narcotics and psychodysleptics [hallucinogens], not elsewhere classified",X42,11,Not Applicable,Not Applicable,0.00%
Ohio,39,"Hamilton County, OH",39061,2013,2013,"Jun., 2013",2013/06,"Accidental poisoning by and exposure to narcotics and psychodysleptics [hallucinogens], not elsewhere classified",X42,10,Not Applicable,Not Applicable,0.00%
Ohio,39,"Hamilton County, OH",39061,2013,2013,"Aug., 2013",2013/08,"Accidental poisoning by and exposure to narcotics and psychodysleptics [hallucinogens], not elsewhere classified",X42,10,Not Applicable,Not Applicable,0.00%
Ohio,39,"Hamilton County, OH",39061,2013,2013,"Sep., 2013",2013/09,"Accidental poisoning by and exposure to narcotics and psychodysleptics [hallucinogens], not elsewhere classified",X42,14,Not Applicable,Not Applicable,0.00%
Ohio,39,"Hamilton County, OH",39061,2013,2013,"Oct., 2013",2013/10,"Accidental poisoning by and exposure to narcotics and psychodysleptics [hallucinogens], not elsewhere classified",X42,14,Not Applicable,Not Applicable,0.00%
Ohio,39,"Hamilton County, OH",39061,2013,2013,"Nov., 2013",2013/11,"Accidental poisoning by and exposure to narcotics and psychodysleptics [hallucinogens], not elsewhere classified",X42,11,Not Applicable,Not Applicable,0.00%
Ohio,39,"Hamilton County, OH",39061,2013,2013,"Dec., 2013",2013/12,"Accidental poisoning by and exposure to narcotics and psychodysleptics [hallucinogens], not elsewhere classified",X42,17,Not Applicable,Not Applicable,0.00%
Ohio,39,"Montgomery County, OH",39113,2013,2013,"Jan., 2013",2013/01,"Accidental poisoning by and exposure to other and unspecified drugs, medicaments and biological substances",X44,10,Not Applicable,Not Applicable,0.00%
Ohio,39,"Montgomery County, OH",39113,2013,2013,"Feb., 2013",2013/02,"Accidental poisoning by and exposure to other and unspecified drugs, medicaments and biological substances",X44,10,Not Applicable,Not Applicable,0.00%
Ohio,39,"Montgomery County, OH",39113,2013,2013,"Mar., 2013",2013/03,"Accidental poisoning by and exposure to other and unspecified drugs, medicaments and biological substances",X44,16,Not Applicable,Not Applicable,0.00%
Ohio,39,"Montgomery County, OH",39113,2013,2013,"May, 2013",2013/05,"Accidental poisoning by and exposure to other and unspecified drugs, medicaments and biological substances",X44,12,Not Applicable,Not Applicable,0.00%
Ohio,39,"Montgomery County, OH",39113,2013,2013,"Jun., 2013",2013/06,"Accidental poisoning by and exposure to other and unspecified drugs, medicaments and biological substances",X44,14,Not Applicable,Not Applicable,0.00%
Ohio,39,"Montgomery County, OH",39113,2013,2013,"Sep., 2013",2013/09,"Accidental poisoning by and exposure to other and unspecified drugs, medicaments and biological substances",X44,11,Not Applicable,Not Applicable,0.00%
Ohio,39,"Montgomery County, OH",39113,2013,2013,"Nov., 2013",2013/11,"Accidental poisoning by and exposure to other and unspecified drugs, medicaments and biological substances",X44,17,Not Applicable,Not Applicable,0.00%
Pennsylvania,42,"Allegheny County, PA",42003,2013,2013,"Jan., 2013",2013/01,"Accidental poisoning by and exposure to narcotics and psychodysleptics [hallucinogens], not elsewhere classified",X42,10,Not Applicable,Not Applicable,0.00%
Pennsylvania,42,"Allegheny County, PA",42003,2013,2013,"Feb., 2013",2013/02,"Accidental poisoning by and exposure to other and unspecified drugs, medicaments and biological substances",X44,10,Not Applicable,Not Applicable,0.00%
Pennsylvania,42,"Allegheny County, PA",42003,2013,2013,"Mar., 2013",2013/03,"Accidental poisoning by and exposure to narcotics and psychodysleptics [hallucinogens], not elsewhere classified",X42,15,Not Applicable,Not Applicable,0.00%
Pennsylvania,42,"Allegheny County, PA",42003,2013,2013,"Mar., 2013",2013/03,"Accidental poisoning by and exposure to other and unspecified drugs, medicaments and biological substances",X44,12,Not Applicable,Not Applicable,0.00%
Pennsylvania,42,"Allegheny County, PA",42003,2013,2013,"Apr., 2013",2013/04,"Accidental poisoning by and exposure to narcotics and psychodysleptics [hallucinogens], not elsewhere classified",X42,14,Not Applicable,Not Applicable,0.00%
Pennsylvania,42,"Allegheny County, PA",42003,2013,2013,"Apr., 2013",2013/04,"Accidental poisoning by and exposure to other and unspecified drugs, medicaments and biological substances",X44,11,Not Applicable,Not Applicable,0.00%
Pennsylvania,42,"Allegheny County, PA",42003,2013,2013,"May, 2013",2013/05,"Accidental poisoning by and exposure to narcotics and psychodysleptics [hallucinogens], not elsewhere classified",X42,13,Not Applicable,Not Applicable,0.00%
Pennsylvania,42,"Allegheny County, PA",42003,2013,2013,"Jun., 2013",2013/06,"Accidental poisoning by and exposure to other and unspecified drugs, medicaments and biological substances",X44,10,Not Applicable,Not Applicable,0.00%
Pennsylvania,42,"Allegheny County, PA",42003,2013,2013,"Jul., 2013",2013/07,"Accidental poisoning by and exposure to other and unspecified drugs, medicaments and biological substances",X44,14,Not Applicable,Not Applicable,0.00%
Pennsylvania,42,"Allegheny County, PA",42003,2013,2013,"Aug., 2013",2013/08,"Accidental poisoning by and exposure to narcotics and psychodysleptics [hallucinogens], not elsewhere classified",X42,15,Not Applicable,Not Applicable,0.00%
Pennsylvania,42,"Allegheny County, PA",42003,2013,2013,"Oct., 2013",2013/10,"Accidental poisoning by and exposure to narcotics and psychodysleptics [hallucinogens], not elsewhere classified",X42,10,Not Applicable,Not Applicable,0.00%
Pennsylvania,42,"Allegheny County, PA",42003,2013,2013,"Nov., 2013",2013/11,"Accidental poisoning by and exposure to narcotics and psychodysleptics [hallucinogens], not elsewhere classified",X42,13,Not Applicable,Not Applicable,0.00%
Pennsylvania,42,"Allegheny County, PA",42003,2013,2013,"Dec., 2013",2013/12,"Accidental poisoning by and exposure to narcotics and psychodysleptics [hallucinogens], not elsewhere classified",X42,12,Not Applicable,Not Applicable,0.00%
Pennsylvania,42,"Bucks County, PA",42017,2013,2013,"Jul., 2013",2013/07,"Accidental poisoning by and exposure to other and unspecified drugs, medicaments and biological substances",X44,13,Not Applicable,Not Applicable,0.00%
Pennsylvania,42,"Bucks County, PA",42017,2013,2013,"Oct., 2013",2013/10,"Accidental poisoning by and exposure to other and unspecified drugs, medicaments and biological substances",X44,10,Not Applicable,Not Applicable,0.00%
Pennsylvania,42,"Delaware County, PA",42045,2013,2013,"Jan., 2013",2013/01,"Accidental poisoning by and exposure to other and unspecified drugs, medicaments and biological substances",X44,14,Not Applicable,Not Applicable,0.00%
Pennsylvania,42,"Montgomery County, PA",42091,2013,2013,"May, 2013",2013/05,"Accidental poisoning by and exposure to other and unspecified drugs, medicaments and biological substances",X44,10,Not Applicable,Not Applicable,0.00%
Pennsylvania,42,"Montgomery County, PA",42091,2013,2013,"Sep., 2013",2013/09,"Accidental poisoning by and exposure to narcotics and psychodysleptics [hallucinogens], not elsewhere classified",X42,11,Not Applicable,Not Applicable,0.00%
Pennsylvania,42,"Philadelphia County, PA",42101,2013,2013,"Jan., 2013",2013/01,"Accidental poisoning by and exposure to other and unspecified drugs, medicaments and biological substances",X44,35,Not Applicable,Not Applicable,0.10%
Pennsylvania,42,"Philadelphia County, PA",42101,2013,2013,"Feb., 2013",2013/02,"Accidental poisoning by and exposure to other and unspecified drugs, medicaments and biological substances",X44,33,Not Applicable,Not Applicable,0.10%
Pennsylvania,42,"Philadelphia County, PA",42101,2013,2013,"Mar., 2013",2013/03,"Accidental poisoning by and exposure to other and unspecified drugs, medicaments and biological substances",X44,27,Not Applicable,Not Applicable,0.10%
Pennsylvania,42,"Philadelphia County, PA",42101,2013,2013,"Apr., 2013",2013/04,"Accidental poisoning by and exposure to other and unspecified drugs, medicaments and biological substances",X44,24,Not Applicable,Not Applicable,0.10%
Pennsylvania,42,"Philadelphia County, PA",42101,2013,2013,"May, 2013",2013/05,"Accidental poisoning by and exposure to other and unspecified drugs, medicaments and biological substances",X44,33,Not Applicable,Not Applicable,0.10%
Pennsylvania,42,"Philadelphia County, PA",42101,2013,2013,"Jun., 2013",2013/06,"Accidental poisoning by and exposure to other and unspecified drugs, medicaments and biological substances",X44,22,Not Applicable,Not Applicable,0.00%
Pennsylvania,42,"Philadelphia County, PA",42101,2013,2013,"Jul., 2013",2013/07,"Accidental poisoning by and exposure to other and unspecified drugs, medicaments and biological substances",X44,27,Not Applicable,Not Applicable,0.10%
Pennsylvania,42,"Philadelphia County, PA",42101,2013,2013,"Aug., 2013",2013/08,"Accidental poisoning by and exposure to other and unspecified drugs, medicaments and biological substances",X44,28,Not Applicable,Not Applicable,0.10%
Pennsylvania,42,"Philadelphia County, PA",42101,2013,2013,"Sep., 2013",2013/09,"Accidental poisoning by and exposure to other and unspecified drugs, medicaments and biological substances",X44,28,Not Applicable,Not Applicable,0.10%
Pennsylvania,42,"Philadelphia County, PA",42101,2013,2013,"Oct., 2013",2013/10,"Accidental poisoning by and exposure to other and unspecified drugs, medicaments and biological substances",X44,23,Not Applicable,Not Applicable,0.00%
Pennsylvania,42,"Philadelphia County, PA",42101,2013,2013,"Nov., 2013",2013/11,"Accidental poisoning by and exposure to other and unspecified drugs, medicaments and biological substances",X44,34,Not Applicable,Not Applicable,0.10%
Pennsylvania,42,"Philadelphia County, PA",42101,2013,2013,"Dec., 2013",2013/12,"Accidental poisoning by and exposure to other and unspecified drugs, medicaments and biological substances",X44,22,Not Applicable,Not Applicable,0.00%
Pennsylvania,42,"Westmoreland County, PA",42129,2013,2013,"Feb., 2013",2013/02,"Accidental poisoning by and exposure to other and unspecified drugs, medicaments and biological substances",X44,11,Not Applicable,Not Applicable,0.00%
Pennsylvania,42,"Westmoreland County, PA",42129,2013,2013,"May, 2013",2013/05,"Accidental poisoning by and exposure to other and unspecified drugs, medicaments and biological substances",X44,15,Not Applicable,Not Applicable,0.00%
Rhode Island,44,"Providence County, RI",44007,2013,2013,"May, 2013",2013/05,"Accidental poisoning by and exposure to narcotics and psychodysleptics [hallucinogens], not elsewhere classified",X42,12,Not Applicable,Not Applicable,0.00%
Rhode Island,44,"Providence County, RI",44007,2013,2013,"Dec., 2013",2013/12,"Accidental poisoning by and exposure to narcotics and psychodysleptics [hallucinogens], not elsewhere classified",X42,13,Not Applicable,Not Applicable,0.00%
Tennessee,47,"Davidson County, TN",47037,2013,2013,"Nov., 2013",2013/11,"Accidental poisoning by and exposure to other and unspecified drugs, medicaments and biological substances",X44,10,Not Applicable,Not Applicable,0.00%
Tennessee,47,"Knox County, TN",47093,2013,2013,"Sep., 2013",2013/09,"Accidental poisoning by and exposure to narcotics and psychodysleptics [hallucinogens], not elsewhere classified",X42,10,Not Applicable,Not Applicable,0.00%
Tennessee,47,"Shelby County, TN",47157,2013,2013,"Feb., 2013",2013/02,"Accidental poisoning by and exposure to narcotics and psychodysleptics [hallucinogens], not elsewhere classified",X42,10,Not Applicable,Not Applicable,0.00%
Tennessee,47,"Shelby County, TN",47157,2013,2013,"Nov., 2013",2013/11,"Accidental poisoning by and exposure to other and unspecified drugs, medicaments and biological substances",X44,13,Not Applicable,Not Applicable,0.00%
Texas,48,"Bexar County, TX",48029,2013,2013,"Mar., 2013",2013/03,"Accidental poisoning by and exposure to narcotics and psychodysleptics [hallucinogens], not elsewhere classified",X42,13,Not Applicable,Not Applicable,0.00%
Texas,48,"Bexar County, TX",48029,2013,2013,"Jul., 2013",2013/07,"Accidental poisoning by and exposure to narcotics and psychodysleptics [hallucinogens], not elsewhere classified",X42,12,Not Applicable,Not Applicable,0.00%
Texas,48,"Dallas County, TX",48113,2013,2013,"Jan., 2013",2013/01,"Accidental poisoning by and exposure to narcotics and psychodysleptics [hallucinogens], not elsewhere classified",X42,17,Not Applicable,Not Applicable,0.00%
Texas,48,"Dallas County, TX",48113,2013,2013,"Feb., 2013",2013/02,"Accidental poisoning by and exposure to narcotics and psychodysleptics [hallucinogens], not elsewhere classified",X42,11,Not Applicable,Not Applicable,0.00%
Texas,48,"Dallas County, TX",48113,2013,2013,"Apr., 2013",2013/04,"Accidental poisoning by and exposure to narcotics and psychodysleptics [hallucinogens], not elsewhere classified",X42,11,Not Applicable,Not Applicable,0.00%
Texas,48,"Dallas County, TX",48113,2013,2013,"May, 2013",2013/05,"Accidental poisoning by and exposure to narcotics and psychodysleptics [hallucinogens], not elsewhere classified",X42,10,Not Applicable,Not Applicable,0.00%
Texas,48,"Dallas County, TX",48113,2013,2013,"Jul., 2013",2013/07,"Accidental poisoning by and exposure to narcotics and psychodysleptics [hallucinogens], not elsewhere classified",X42,11,Not Applicable,Not Applicable,0.00%
Texas,48,"Dallas County, TX",48113,2013,2013,"Oct., 2013",2013/10,"Accidental poisoning by and exposure to narcotics and psychodysleptics [hallucinogens], not elsewhere classified",X42,10,Not Applicable,Not Applicable,0.00%
Texas,48,"Dallas County, TX",48113,2013,2013,"Nov., 2013",2013/11,"Accidental poisoning by and exposure to narcotics and psychodysleptics [hallucinogens], not elsewhere classified",X42,12,Not Applicable,Not Applicable,0.00%
Texas,48,"Harris County, TX",48201,2013,2013,"Jan., 2013",2013/01,"Accidental poisoning by and exposure to narcotics and psychodysleptics [hallucinogens], not elsewhere classified",X42,10,Not Applicable,Not Applicable,0.00%
Texas,48,"Harris County, TX",48201,2013,2013,"Jan., 2013",2013/01,"Accidental poisoning by and exposure to other and unspecified drugs, medicaments and biological substances",X44,17,Not Applicable,Not Applicable,0.00%
Texas,48,"Harris County, TX",48201,2013,2013,"Feb., 2013",2013/02,"Accidental poisoning by and exposure to other and unspecified drugs, medicaments and biological substances",X44,17,Not Applicable,Not Applicable,0.00%
Texas,48,"Harris County, TX",48201,2013,2013,"Mar., 2013",2013/03,"Accidental poisoning by and exposure to narcotics and psychodysleptics [hallucinogens], not elsewhere classified",X42,11,Not Applicable,Not Applicable,0.00%
Texas,48,"Harris County, TX",48201,2013,2013,"Mar., 2013",2013/03,"Accidental poisoning by and exposure to other and unspecified drugs, medicaments and biological substances",X44,13,Not Applicable,Not Applicable,0.00%
Texas,48,"Harris County, TX",48201,2013,2013,"Apr., 2013",2013/04,"Accidental poisoning by and exposure to narcotics and psychodysleptics [hallucinogens], not elsewhere classified",X42,18,Not Applicable,Not Applicable,0.00%
Texas,48,"Harris County, TX",48201,2013,2013,"Apr., 2013",2013/04,"Accidental poisoning by and exposure to other and unspecified drugs, medicaments and biological substances",X44,16,Not Applicable,Not Applicable,0.00%
Texas,48,"Harris County, TX",48201,2013,2013,"May, 2013",2013/05,"Accidental poisoning by and exposure to other and unspecified drugs, medicaments and biological substances",X44,17,Not Applicable,Not Applicable,0.00%
Texas,48,"Harris County, TX",48201,2013,2013,"Jun., 2013",2013/06,"Accidental poisoning by and exposure to narcotics and psychodysleptics [hallucinogens], not elsewhere classified",X42,16,Not Applicable,Not Applicable,0.00%
Texas,48,"Harris County, TX",48201,2013,2013,"Jul., 2013",2013/07,"Accidental poisoning by and exposure to narcotics and psychodysleptics [hallucinogens], not elsewhere classified",X42,14,Not Applicable,Not Applicable,0.00%
Texas,48,"Harris County, TX",48201,2013,2013,"Aug., 2013",2013/08,"Accidental poisoning by and exposure to narcotics and psychodysleptics [hallucinogens], not elsewhere classified",X42,20,Not Applicable,Not Applicable,0.00%
Texas,48,"Harris County, TX",48201,2013,2013,"Sep., 2013",2013/09,"Accidental poisoning by and exposure to other and unspecified drugs, medicaments and biological substances",X44,10,Not Applicable,Not Applicable,0.00%
Texas,48,"Harris County, TX",48201,2013,2013,"Oct., 2013",2013/10,"Accidental poisoning by and exposure to narcotics and psychodysleptics [hallucinogens], not elsewhere classified",X42,12,Not Applicable,Not Applicable,0.00%
Texas,48,"Harris County, TX",48201,2013,2013,"Nov., 2013",2013/11,"Accidental poisoning by and exposure to narcotics and psychodysleptics [hallucinogens], not elsewhere classified",X42,19,Not Applicable,Not Applicable,0.00%
Texas,48,"Harris County, TX",48201,2013,2013,"Nov., 2013",2013/11,"Accidental poisoning by and exposure to other and unspecified drugs, medicaments and biological substances",X44,15,Not Applicable,Not Applicable,0.00%
Texas,48,"Harris County, TX",48201,2013,2013,"Dec., 2013",2013/12,"Accidental poisoning by and exposure to narcotics and psychodysleptics [hallucinogens], not elsewhere classified",X42,21,Not Applicable,Not Applicable,0.00%
Texas,48,"Harris County, TX",48201,2013,2013,"Dec., 2013",2013/12,"Accidental poisoning by and exposure to other and unspecified drugs, medicaments and biological substances",X44,14,Not Applicable,Not Applicable,0.00%
Texas,48,"Tarrant County, TX",48439,2013,2013,"Dec., 2013",2013/12,"Accidental poisoning by and exposure to other and unspecified drugs, medicaments and biological substances",X44,11,Not Applicable,Not Applicable,0.00%
Texas,48,"Travis County, TX",48453,2013,2013,"May, 2013",2013/05,"Accidental poisoning by and exposure to other and unspecified drugs, medicaments and biological substances",X44,12,Not Applicable,Not Applicable,0.00%
Texas,48,"Travis County, TX",48453,2013,2013,"Aug., 2013",2013/08,"Accidental poisoning by and exposure to other and unspecified drugs, medicaments and biological substances",X44,11,Not Applicable,Not Applicable,0.00%
Utah,49,"Salt Lake County, UT",49035,2013,2013,"Jan., 2013",2013/01,"Accidental poisoning by and exposure to other and unspecified drugs, medicaments and biological substances",X44,10,Not Applicable,Not Applicable,0.00%
Utah,49,"Salt Lake County, UT",49035,2013,2013,"Mar., 2013",2013/03,"Accidental poisoning by and exposure to other and unspecified drugs, medicaments and biological substances",X44,11,Not Applicable,Not Applicable,0.00%
Utah,49,"Salt Lake County, UT",49035,2013,2013,"Apr., 2013",2013/04,"Accidental poisoning by and exposure to other and unspecified drugs, medicaments and biological substances",X44,10,Not Applicable,Not Applicable,0.00%
Utah,49,"Salt Lake County, UT",49035,2013,2013,"Aug., 2013",2013/08,"Accidental poisoning by and exposure to other and unspecified drugs, medicaments and biological substances",X44,11,Not Applicable,Not Applicable,0.00%
Washington,53,"King County, WA",53033,2013,2013,"Jan., 2013",2013/01,"Accidental poisoning by and exposure to narcotics and psychodysleptics [hallucinogens], not elsewhere classified",X42,10,Not Applicable,Not Applicable,0.00%
Washington,53,"King County, WA",53033,2013,2013,"Apr., 2013",2013/04,"Accidental poisoning by and exposure to other and unspecified drugs, medicaments and biological substances",X44,10,Not Applicable,Not Applicable,0.00%
Washington,53,"King County, WA",53033,2013,2013,"May, 2013",2013/05,"Accidental poisoning by and exposure to narcotics and psychodysleptics [hallucinogens], not elsewhere classified",X42,15,Not Applicable,Not Applicable,0.00%
Washington,53,"King County, WA",53033,2013,2013,"Jul., 2013",2013/07,"Accidental poisoning by and exposure to narcotics and psychodysleptics [hallucinogens], not elsewhere classified",X42,10,Not Applicable,Not Applicable,0.00%
Washington,53,"King County, WA",53033,2013,2013,"Aug., 2013",2013/08,"Accidental poisoning by and exposure to narcotics and psychodysleptics [hallucinogens], not elsewhere classified",X42,12,Not Applicable,Not Applicable,0.00%
Washington,53,"King County, WA",53033,2013,2013,"Aug., 2013",2013/08,"Accidental poisoning by and exposure to other and unspecified drugs, medicaments and biological substances",X44,16,Not Applicable,Not Applicable,0.00%
Washington,53,"King County, WA",53033,2013,2013,"Sep., 2013",2013/09,"Accidental poisoning by and exposure to other and unspecified drugs, medicaments and biological substances",X44,10,Not Applicable,Not Applicable,0.00%
Washington,53,"King County, WA",53033,2013,2013,"Oct., 2013",2013/10,"Accidental poisoning by and exposure to narcotics and psychodysleptics [hallucinogens], not elsewhere classified",X42,10,Not Applicable,Not Applicable,0.00%
Washington,53,"King County, WA",53033,2013,2013,"Dec., 2013",2013/12,"Accidental poisoning by and exposure to narcotics and psychodysleptics [hallucinogens], not elsewhere classified",X42,17,Not Applicable,Not Applicable,0.00%
Washington,53,"King County, WA",53033,2013,2013,"Dec., 2013",2013/12,"Accidental poisoning by and exposure to other and unspecified drugs, medicaments and biological substances",X44,10,Not Applicable,Not Applicable,0.00%
Wisconsin,55,"Milwaukee County, WI",55079,2013,2013,"Jan., 2013",2013/01,"Accidental poisoning by and exposure to narcotics and psychodysleptics [hallucinogens], not elsewhere classified",X42,10,Not Applicable,Not Applicable,0.00%
Wisconsin,55,"Milwaukee County, WI",55079,2013,2013,"Jan., 2013",2013/01,"Accidental poisoning by and exposure to other and unspecified drugs, medicaments and biological substances",X44,13,Not Applicable,Not Applicable,0.00%
Wisconsin,55,"Milwaukee County, WI",55079,2013,2013,"Mar., 2013",2013/03,"Accidental poisoning by and exposure to narcotics and psychodysleptics [hallucinogens], not elsewhere classified",X42,14,Not Applicable,Not Applicable,0.00%
Wisconsin,55,"Milwaukee County, WI",55079,2013,2013,"Mar., 2013",2013/03,"Accidental poisoning by and exposure to other and unspecified drugs, medicaments and biological substances",X44,13,Not Applicable,Not Applicable,0.00%
Wisconsin,55,"Milwaukee County, WI",55079,2013,2013,"Apr., 2013",2013/04,"Accidental poisoning by and exposure to other and unspecified drugs, medicaments and biological substances",X44,17,Not Applicable,Not Applicable,0.00%
Wisconsin,55,"Milwaukee County, WI",55079,2013,2013,"Jun., 2013",2013/06,"Accidental poisoning by and exposure to other and unspecified drugs, medicaments and biological substances",X44,11,Not Applicable,Not Applicable,0.00%
Wisconsin,55,"Milwaukee County, WI",55079,2013,2013,"Jul., 2013",2013/07,"Accidental poisoning by and exposure to narcotics and psychodysleptics [hallucinogens], not elsewhere classified",X42,10,Not Applicable,Not Applicable,0.00%
Wisconsin,55,"Milwaukee County, WI",55079,2013,2013,"Nov., 2013",2013/11,"Accidental poisoning by and exposure to other and unspecified drugs, medicaments and biological substances",X44,12,Not Applicable,Not Applicable,0.00%
Wisconsin,55,"Milwaukee County, WI",55079,2013,2013,"Dec., 2013",2013/12,"Accidental poisoning by and exposure to other and unspecified drugs, medicaments and biological substances",X44,10,Not Applicable,Not Applicable,0.00%